fragment_100,AL603888.9,100.000,100,0,0,1,100,132884,132983,1.41e-43,181
fragment_100,AL360015.25,100.000,100,0,0,1,100,9052,8953,1.41e-43,181
fragment_100,AL135908.13,99.000,100,1,0,1,100,79175,79274,6.01e-42,177
fragment_100,AL109919.18,99.000,100,1,0,1,100,77070,76971,6.01e-42,177
fragment_100,AC136189.2,99.000,100,1,0,1,100,62035,61936,6.01e-42,177
fragment_100,AC012374.13,99.000,100,1,0,1,100,122590,122491,6.01e-42,177
fragment_100,AC092601.3,99.000,100,1,0,1,100,55116,55215,6.01e-42,177
fragment_100,AC010999.6,99.000,100,1,0,1,100,83153,83054,6.01e-42,177
fragment_100,AC020717.3,99.000,100,1,0,1,100,79186,79285,6.01e-42,177
fragment_100,AP003470.2,99.000,100,1,0,1,100,148434,148533,6.01e-42,177
fragment_100,AB042031.1,99.000,100,1,0,1,100,8939,9038,6.01e-42,177
fragment_100,AB041731.1,99.000,100,1,0,1,100,112246,112345,6.01e-42,177
fragment_100,AP002529.1,99.000,100,1,0,1,100,19019,19118,6.01e-42,177
fragment_99,AL603888.9,100.000,99,0,0,1,99,132884,132982,4.86e-43,179
fragment_99,AL360015.25,100.000,99,0,0,1,99,9052,8954,4.86e-43,179
fragment_99,AL135908.13,98.990,99,1,0,1,99,79175,79273,2.07e-41,175
fragment_99,AL109919.18,98.990,99,1,0,1,99,77070,76972,2.07e-41,175
fragment_99,AC136189.2,98.990,99,1,0,1,99,62035,61937,2.07e-41,175
fragment_99,AC012374.13,98.990,99,1,0,1,99,122590,122492,2.07e-41,175
fragment_99,AC092601.3,98.990,99,1,0,1,99,55116,55214,2.07e-41,175
fragment_99,AC010999.6,98.990,99,1,0,1,99,83153,83055,2.07e-41,175
fragment_99,AC020717.3,98.990,99,1,0,1,99,79186,79284,2.07e-41,175
fragment_99,AP003470.2,98.990,99,1,0,1,99,148434,148532,2.07e-41,175
fragment_99,AB042031.1,98.990,99,1,0,1,99,8939,9037,2.07e-41,175
fragment_99,AB041731.1,98.990,99,1,0,1,99,112246,112344,2.07e-41,175
fragment_99,AP002529.1,98.990,99,1,0,1,99,19019,19117,2.07e-41,175
fragment_98,AL603888.9,100.000,98,0,0,1,98,132884,132981,1.67e-42,178
fragment_98,AL360015.25,100.000,98,0,0,1,98,9052,8955,1.67e-42,178
fragment_98,AL135908.13,98.980,98,1,0,1,98,79175,79272,7.11e-41,173
fragment_98,AL109919.18,98.980,98,1,0,1,98,77070,76973,7.11e-41,173
fragment_98,AC136189.2,98.980,98,1,0,1,98,62035,61938,7.11e-41,173
fragment_98,AC012374.13,98.980,98,1,0,1,98,122590,122493,7.11e-41,173
fragment_98,AC092601.3,98.980,98,1,0,1,98,55116,55213,7.11e-41,173
fragment_98,AC010999.6,98.980,98,1,0,1,98,83153,83056,7.11e-41,173
fragment_98,AC020717.3,98.980,98,1,0,1,98,79186,79283,7.11e-41,173
fragment_98,AP003470.2,98.980,98,1,0,1,98,148434,148531,7.11e-41,173
fragment_98,AB042031.1,98.980,98,1,0,1,98,8939,9036,7.11e-41,173
fragment_98,AB041731.1,98.980,98,1,0,1,98,112246,112343,7.11e-41,173
fragment_98,AP002529.1,98.980,98,1,0,1,98,19019,19116,7.11e-41,173
fragment_97,AL603888.9,100.000,97,0,0,1,97,132884,132980,5.75e-42,176
fragment_97,AL360015.25,100.000,97,0,0,1,97,9052,8956,5.75e-42,176
fragment_97,AL135908.13,98.969,97,1,0,1,97,79175,79271,2.44e-40,171
fragment_97,AL109919.18,98.969,97,1,0,1,97,77070,76974,2.44e-40,171
fragment_97,AC136189.2,98.969,97,1,0,1,97,62035,61939,2.44e-40,171
fragment_97,AC012374.13,98.969,97,1,0,1,97,122590,122494,2.44e-40,171
fragment_97,AC092601.3,98.969,97,1,0,1,97,55116,55212,2.44e-40,171
fragment_97,AC010999.6,98.969,97,1,0,1,97,83153,83057,2.44e-40,171
fragment_97,AC020717.3,98.969,97,1,0,1,97,79186,79282,2.44e-40,171
fragment_97,AP003470.2,98.969,97,1,0,1,97,148434,148530,2.44e-40,171
fragment_97,AB042031.1,98.969,97,1,0,1,97,8939,9035,2.44e-40,171
fragment_97,AB041731.1,98.969,97,1,0,1,97,112246,112342,2.44e-40,171
fragment_97,AP002529.1,98.969,97,1,0,1,97,19019,19115,2.44e-40,171
fragment_96,AL603888.9,100.000,96,0,0,1,96,132884,132979,1.98e-41,174
fragment_96,AL360015.25,100.000,96,0,0,1,96,9052,8957,1.98e-41,174
fragment_96,AL135908.13,98.958,96,1,0,1,96,79175,79270,8.40e-40,169
fragment_96,AL109919.18,98.958,96,1,0,1,96,77070,76975,8.40e-40,169
fragment_96,AC136189.2,98.958,96,1,0,1,96,62035,61940,8.40e-40,169
fragment_96,AC012374.13,98.958,96,1,0,1,96,122590,122495,8.40e-40,169
fragment_96,AC092601.3,98.958,96,1,0,1,96,55116,55211,8.40e-40,169
fragment_96,AC010999.6,98.958,96,1,0,1,96,83153,83058,8.40e-40,169
fragment_96,AC020717.3,98.958,96,1,0,1,96,79186,79281,8.40e-40,169
fragment_96,AP003470.2,98.958,96,1,0,1,96,148434,148529,8.40e-40,169
fragment_96,AB042031.1,98.958,96,1,0,1,96,8939,9034,8.40e-40,169
fragment_96,AB041731.1,98.958,96,1,0,1,96,112246,112341,8.40e-40,169
fragment_96,AP002529.1,98.958,96,1,0,1,96,19019,19114,8.40e-40,169
fragment_95,AL603888.9,100.000,95,0,0,1,95,132884,132978,6.79e-41,172
fragment_95,AL360015.25,100.000,95,0,0,1,95,9052,8958,6.79e-41,172
fragment_95,AL109919.18,98.947,95,1,0,1,95,77070,76976,2.89e-39,168
fragment_95,AC002367.1,98.947,95,1,0,1,95,56681,56587,2.89e-39,168
fragment_95,AC136189.2,98.947,95,1,0,1,95,62035,61941,2.89e-39,168
fragment_95,AC012374.13,98.947,95,1,0,1,95,122590,122496,2.89e-39,168
fragment_95,AC092601.3,98.947,95,1,0,1,95,55116,55210,2.89e-39,168
fragment_95,AC010999.6,98.947,95,1,0,1,95,83153,83059,2.89e-39,168
fragment_95,AC020717.3,98.947,95,1,0,1,95,79186,79280,2.89e-39,168
fragment_95,AP003470.2,98.947,95,1,0,1,95,148434,148528,2.89e-39,168
fragment_95,AB042031.1,98.947,95,1,0,1,95,8939,9033,2.89e-39,168
fragment_95,AB041731.1,98.947,95,1,0,1,95,112246,112340,2.89e-39,168
fragment_95,AP002529.1,98.947,95,1,0,1,95,19019,19113,2.89e-39,168
fragment_94,AL603888.9,100.000,94,0,0,1,94,132884,132977,2.33e-40,170
fragment_94,AL360015.25,100.000,94,0,0,1,94,9052,8959,2.33e-40,170
fragment_94,AL109919.18,98.936,94,1,0,1,94,77070,76977,9.92e-39,166
fragment_94,AC002367.1,98.936,94,1,0,1,94,56681,56588,9.92e-39,166
fragment_94,AC136189.2,98.936,94,1,0,1,94,62035,61942,9.92e-39,166
fragment_94,AC012374.13,98.936,94,1,0,1,94,122590,122497,9.92e-39,166
fragment_94,AC092601.3,98.936,94,1,0,1,94,55116,55209,9.92e-39,166
fragment_94,AC010999.6,98.936,94,1,0,1,94,83153,83060,9.92e-39,166
fragment_94,AC020717.3,98.936,94,1,0,1,94,79186,79279,9.92e-39,166
fragment_94,AP003470.2,98.936,94,1,0,1,94,148434,148527,9.92e-39,166
fragment_94,AB042031.1,98.936,94,1,0,1,94,8939,9032,9.92e-39,166
fragment_94,AB041731.1,98.936,94,1,0,1,94,112246,112339,9.92e-39,166
fragment_94,AP002529.1,98.936,94,1,0,1,94,19019,19112,9.92e-39,166
fragment_93,AL603888.9,100.000,93,0,0,1,93,132884,132976,8.01e-40,168
fragment_93,AL360015.25,100.000,93,0,0,1,93,9052,8960,8.01e-40,168
fragment_93,AC002367.1,98.925,93,1,0,1,93,56681,56589,3.41e-38,164
fragment_93,AC136189.2,98.925,93,1,0,1,93,62035,61943,3.41e-38,164
fragment_93,AC012374.13,98.925,93,1,0,1,93,122590,122498,3.41e-38,164
fragment_93,AC092601.3,98.925,93,1,0,1,93,55116,55208,3.41e-38,164
fragment_93,AC010999.6,98.925,93,1,0,1,93,83153,83061,3.41e-38,164
fragment_93,AC013412.3,98.925,93,1,0,1,93,74296,74388,3.41e-38,164
fragment_93,AC020717.3,98.925,93,1,0,1,93,79186,79278,3.41e-38,164
fragment_93,AP003470.2,98.925,93,1,0,1,93,148434,148526,3.41e-38,164
fragment_93,AB042031.1,98.925,93,1,0,1,93,8939,9031,3.41e-38,164
fragment_93,AB041731.1,98.925,93,1,0,1,93,112246,112338,3.41e-38,164
fragment_93,AP002529.1,98.925,93,1,0,1,93,19019,19111,3.41e-38,164
fragment_92,AL603888.9,100.000,92,0,0,1,92,132884,132975,2.75e-39,167
fragment_92,AL360015.25,100.000,92,0,0,1,92,9052,8961,2.75e-39,167
fragment_92,AC002367.1,98.913,92,1,0,1,92,56681,56590,1.17e-37,162
fragment_92,AC136189.2,98.913,92,1,0,1,92,62035,61944,1.17e-37,162
fragment_92,AC012374.13,98.913,92,1,0,1,92,122590,122499,1.17e-37,162
fragment_92,AC092601.3,98.913,92,1,0,1,92,55116,55207,1.17e-37,162
fragment_92,AC010999.6,98.913,92,1,0,1,92,83153,83062,1.17e-37,162
fragment_92,AC013412.3,98.913,92,1,0,1,92,74296,74387,1.17e-37,162
fragment_92,AC020717.3,98.913,92,1,0,1,92,79186,79277,1.17e-37,162
fragment_92,AP003470.2,98.913,92,1,0,1,92,148434,148525,1.17e-37,162
fragment_92,AB042031.1,98.913,92,1,0,1,92,8939,9030,1.17e-37,162
fragment_92,AB041731.1,98.913,92,1,0,1,92,112246,112337,1.17e-37,162
fragment_92,AP002529.1,98.913,92,1,0,1,92,19019,19110,1.17e-37,162
fragment_91,AL603888.9,100.000,91,0,0,1,91,132884,132974,9.45e-39,165
fragment_91,AL360015.25,100.000,91,0,0,1,91,9052,8962,9.45e-39,165
fragment_91,AC002367.1,98.901,91,1,0,1,91,56681,56591,4.02e-37,160
fragment_91,AC136189.2,98.901,91,1,0,1,91,62035,61945,4.02e-37,160
fragment_91,AC012374.13,98.901,91,1,0,1,91,122590,122500,4.02e-37,160
fragment_91,AC092601.3,98.901,91,1,0,1,91,55116,55206,4.02e-37,160
fragment_91,AC010999.6,98.901,91,1,0,1,91,83153,83063,4.02e-37,160
fragment_91,AC013412.3,98.901,91,1,0,1,91,74296,74386,4.02e-37,160
fragment_91,AC020717.3,98.901,91,1,0,1,91,79186,79276,4.02e-37,160
fragment_91,AP003470.2,98.901,91,1,0,1,91,148434,148524,4.02e-37,160
fragment_91,AB042031.1,98.901,91,1,0,1,91,8939,9029,4.02e-37,160
fragment_91,AB041731.1,98.901,91,1,0,1,91,112246,112336,4.02e-37,160
fragment_91,AP002529.1,98.901,91,1,0,1,91,19019,19109,4.02e-37,160
fragment_90,AL603888.9,100.000,90,0,0,1,90,132884,132973,3.24e-38,163
fragment_90,AL360015.25,100.000,90,0,0,1,90,9052,8963,3.24e-38,163
fragment_90,AL162252.17,98.889,90,1,0,1,90,131022,131111,1.38e-36,159
fragment_90,AP002089.2,98.889,90,1,0,1,90,113320,113409,1.38e-36,159
fragment_90,AB042031.1,98.889,90,1,0,1,90,8939,9028,1.38e-36,159
fragment_90,AB041731.1,98.889,90,1,0,1,90,112246,112335,1.38e-36,159
fragment_90,AP000426.3,98.889,90,1,0,1,90,100887,100976,1.38e-36,159
fragment_90,AP002529.1,98.889,90,1,0,1,90,19019,19108,1.38e-36,159
fragment_90,AP001691.1,98.889,90,1,0,1,90,160204,160293,1.38e-36,159
fragment_90,AP000948.2,98.889,90,1,0,1,90,62024,62113,1.38e-36,159
fragment_90,U95737.1,98.889,90,1,0,1,90,28536,28625,1.38e-36,159
fragment_90,AC005380.1,98.889,90,1,0,1,90,17324,17235,1.38e-36,159
fragment_90,AF019664.1,98.889,90,1,0,1,90,31545,31456,1.38e-36,159
fragment_89,AL603888.9,100.000,89,0,0,1,89,132884,132972,1.11e-37,161
fragment_89,AL360015.25,100.000,89,0,0,1,89,9052,8964,1.11e-37,161
fragment_89,AL162252.17,98.876,89,1,0,1,89,131022,131110,4.73e-36,157
fragment_89,AP002089.2,98.876,89,1,0,1,89,113320,113408,4.73e-36,157
fragment_89,AB042031.1,98.876,89,1,0,1,89,8939,9027,4.73e-36,157
fragment_89,AB041731.1,98.876,89,1,0,1,89,112246,112334,4.73e-36,157
fragment_89,AP000426.3,98.876,89,1,0,1,89,100887,100975,4.73e-36,157
fragment_89,AP002529.1,98.876,89,1,0,1,89,19019,19107,4.73e-36,157
fragment_89,AP001691.1,98.876,89,1,0,1,89,160204,160292,4.73e-36,157
fragment_89,AP000948.2,98.876,89,1,0,1,89,62024,62112,4.73e-36,157
fragment_89,U95737.1,98.876,89,1,0,1,89,28536,28624,4.73e-36,157
fragment_89,AC005380.1,98.876,89,1,0,1,89,17324,17236,4.73e-36,157
fragment_89,AF019664.1,98.876,89,1,0,1,89,31545,31457,4.73e-36,157
fragment_88,AL603888.9,100.000,88,0,0,1,88,132884,132971,3.82e-37,159
fragment_88,AL360015.25,100.000,88,0,0,1,88,9052,8965,3.82e-37,159
fragment_88,AL162252.17,98.864,88,1,0,1,88,131022,131109,1.62e-35,155
fragment_88,AP002089.2,98.864,88,1,0,1,88,113320,113407,1.62e-35,155
fragment_88,AB042031.1,98.864,88,1,0,1,88,8939,9026,1.62e-35,155
fragment_88,AB041731.1,98.864,88,1,0,1,88,112246,112333,1.62e-35,155
fragment_88,AP000426.3,98.864,88,1,0,1,88,100887,100974,1.62e-35,155
fragment_88,AP002529.1,98.864,88,1,0,1,88,19019,19106,1.62e-35,155
fragment_88,AP001691.1,98.864,88,1,0,1,88,160204,160291,1.62e-35,155
fragment_88,AP000948.2,98.864,88,1,0,1,88,62024,62111,1.62e-35,155
fragment_88,U95737.1,98.864,88,1,0,1,88,28536,28623,1.62e-35,155
fragment_88,AC005380.1,98.864,88,1,0,1,88,17324,17237,1.62e-35,155
fragment_88,AF019664.1,98.864,88,1,0,1,88,31545,31458,1.62e-35,155
fragment_87,AL603888.9,100.000,87,0,0,1,87,132884,132970,1.31e-36,158
fragment_87,AL360015.25,100.000,87,0,0,1,87,9052,8966,1.31e-36,158
fragment_87,AL162252.17,98.851,87,1,0,1,87,131022,131108,5.57e-35,153
fragment_87,AP002089.2,98.851,87,1,0,1,87,113320,113406,5.57e-35,153
fragment_87,AB042031.1,98.851,87,1,0,1,87,8939,9025,5.57e-35,153
fragment_87,AB041731.1,98.851,87,1,0,1,87,112246,112332,5.57e-35,153
fragment_87,AP000426.3,98.851,87,1,0,1,87,100887,100973,5.57e-35,153
fragment_87,AP002529.1,98.851,87,1,0,1,87,19019,19105,5.57e-35,153
fragment_87,AP001691.1,98.851,87,1,0,1,87,160204,160290,5.57e-35,153
fragment_87,AP000948.2,98.851,87,1,0,1,87,62024,62110,5.57e-35,153
fragment_87,U95737.1,98.851,87,1,0,1,87,28536,28622,5.57e-35,153
fragment_87,AC005380.1,98.851,87,1,0,1,87,17324,17238,5.57e-35,153
fragment_87,AF019664.1,98.851,87,1,0,1,87,31545,31459,5.57e-35,153
fragment_86,AL603888.9,100.000,86,0,0,1,86,132884,132969,4.49e-36,156
fragment_86,AL360015.25,100.000,86,0,0,1,86,9052,8967,4.49e-36,156
fragment_86,AL162252.17,98.837,86,1,0,1,86,131022,131107,1.91e-34,151
fragment_86,AP002089.2,98.837,86,1,0,1,86,113320,113405,1.91e-34,151
fragment_86,AB042031.1,98.837,86,1,0,1,86,8939,9024,1.91e-34,151
fragment_86,AB041731.1,98.837,86,1,0,1,86,112246,112331,1.91e-34,151
fragment_86,AP000426.3,98.837,86,1,0,1,86,100887,100972,1.91e-34,151
fragment_86,AP002529.1,98.837,86,1,0,1,86,19019,19104,1.91e-34,151
fragment_86,AP001691.1,98.837,86,1,0,1,86,160204,160289,1.91e-34,151
fragment_86,AP000948.2,98.837,86,1,0,1,86,62024,62109,1.91e-34,151
fragment_86,U95737.1,98.837,86,1,0,1,86,28536,28621,1.91e-34,151
fragment_86,AC005380.1,98.837,86,1,0,1,86,17324,17239,1.91e-34,151
fragment_86,AF019664.1,98.837,86,1,0,1,86,31545,31460,1.91e-34,151
fragment_85,AL603888.9,100.000,85,0,0,1,85,132884,132968,1.54e-35,154
fragment_85,AL360015.25,100.000,85,0,0,1,85,9052,8968,1.54e-35,154
fragment_85,AL162252.17,98.824,85,1,0,1,85,131022,131106,6.54e-34,150
fragment_85,AP002089.2,98.824,85,1,0,1,85,113320,113404,6.54e-34,150
fragment_85,AB042031.1,98.824,85,1,0,1,85,8939,9023,6.54e-34,150
fragment_85,AB041731.1,98.824,85,1,0,1,85,112246,112330,6.54e-34,150
fragment_85,AP000426.3,98.824,85,1,0,1,85,100887,100971,6.54e-34,150
fragment_85,AP002529.1,98.824,85,1,0,1,85,19019,19103,6.54e-34,150
fragment_85,AP001691.1,98.824,85,1,0,1,85,160204,160288,6.54e-34,150
fragment_85,AP000948.2,98.824,85,1,0,1,85,62024,62108,6.54e-34,150
fragment_85,U95737.1,98.824,85,1,0,1,85,28536,28620,6.54e-34,150
fragment_85,AC005380.1,98.824,85,1,0,1,85,17324,17240,6.54e-34,150
fragment_85,AF019664.1,98.824,85,1,0,1,85,31545,31461,6.54e-34,150
fragment_84,AL603888.9,100.000,84,0,0,1,84,132884,132967,5.27e-35,152
fragment_84,AL360015.25,100.000,84,0,0,1,84,9052,8969,5.27e-35,152
fragment_84,AP002089.2,98.810,84,1,0,1,84,113320,113403,2.24e-33,148
fragment_84,AB042031.1,98.810,84,1,0,1,84,8939,9022,2.24e-33,148
fragment_84,AB041731.1,98.810,84,1,0,1,84,112246,112329,2.24e-33,148
fragment_84,AP000426.3,98.810,84,1,0,1,84,100887,100970,2.24e-33,148
fragment_84,AP002529.1,98.810,84,1,0,1,84,19019,19102,2.24e-33,148
fragment_84,AP001691.1,98.810,84,1,0,1,84,160204,160287,2.24e-33,148
fragment_84,AP000948.2,98.810,84,1,0,1,84,62024,62107,2.24e-33,148
fragment_84,U95737.1,98.810,84,1,0,1,84,28536,28619,2.24e-33,148
fragment_84,AC005380.1,98.810,84,1,0,1,84,17324,17241,2.24e-33,148
fragment_84,AF019664.1,98.810,84,1,0,1,84,31545,31462,2.24e-33,148
fragment_84,AC002981.1,98.810,84,1,0,1,84,45632,45715,2.24e-33,148
fragment_83,AL603888.9,100.000,83,0,0,1,83,132884,132966,1.80e-34,150
fragment_83,AL360015.25,100.000,83,0,0,1,83,9052,8970,1.80e-34,150
fragment_83,AP002089.2,98.795,83,1,0,1,83,113320,113402,7.67e-33,146
fragment_83,AB042031.1,98.795,83,1,0,1,83,8939,9021,7.67e-33,146
fragment_83,AB041731.1,98.795,83,1,0,1,83,112246,112328,7.67e-33,146
fragment_83,AP000426.3,98.795,83,1,0,1,83,100887,100969,7.67e-33,146
fragment_83,AP002529.1,98.795,83,1,0,1,83,19019,19101,7.67e-33,146
fragment_83,AP001691.1,98.795,83,1,0,1,83,160204,160286,7.67e-33,146
fragment_83,AP000948.2,98.795,83,1,0,1,83,62024,62106,7.67e-33,146
fragment_83,U95737.1,98.795,83,1,0,1,83,28536,28618,7.67e-33,146
fragment_83,AC005380.1,98.795,83,1,0,1,83,17324,17242,7.67e-33,146
fragment_83,AF019664.1,98.795,83,1,0,1,83,31545,31463,7.67e-33,146
fragment_83,AC002981.1,98.795,83,1,0,1,83,45632,45714,7.67e-33,146
fragment_82,AL603888.9,100.000,82,0,0,1,82,132884,132965,6.17e-34,149
fragment_82,AL360015.25,100.000,82,0,0,1,82,9052,8971,6.17e-34,149
fragment_82,AP002089.2,98.780,82,1,0,1,82,113320,113401,2.63e-32,144
fragment_82,AB042031.1,98.780,82,1,0,1,82,8939,9020,2.63e-32,144
fragment_82,AB041731.1,98.780,82,1,0,1,82,112246,112327,2.63e-32,144
fragment_82,AP000426.3,98.780,82,1,0,1,82,100887,100968,2.63e-32,144
fragment_82,AP002529.1,98.780,82,1,0,1,82,19019,19100,2.63e-32,144
fragment_82,AP001691.1,98.780,82,1,0,1,82,160204,160285,2.63e-32,144
fragment_82,AP000948.2,98.780,82,1,0,1,82,62024,62105,2.63e-32,144
fragment_82,U95737.1,98.780,82,1,0,1,82,28536,28617,2.63e-32,144
fragment_82,AC005380.1,98.780,82,1,0,1,82,17324,17243,2.63e-32,144
fragment_82,AF019664.1,98.780,82,1,0,1,82,31545,31464,2.63e-32,144
fragment_82,AC002981.1,98.780,82,1,0,1,82,45632,45713,2.63e-32,144
fragment_81,AL603888.9,100.000,81,0,0,1,81,132884,132964,2.11e-33,147
fragment_81,AL360015.25,100.000,81,0,0,1,81,9052,8972,2.11e-33,147
fragment_81,AB042031.1,98.765,81,1,0,1,81,8939,9019,8.98e-32,142
fragment_81,AB041731.1,98.765,81,1,0,1,81,112246,112326,8.98e-32,142
fragment_81,AP000426.3,98.765,81,1,0,1,81,100887,100967,8.98e-32,142
fragment_81,AP002529.1,98.765,81,1,0,1,81,19019,19099,8.98e-32,142
fragment_81,AP001691.1,98.765,81,1,0,1,81,160204,160284,8.98e-32,142
fragment_81,AP000948.2,98.765,81,1,0,1,81,62024,62104,8.98e-32,142
fragment_81,U95737.1,98.765,81,1,0,1,81,28536,28616,8.98e-32,142
fragment_81,AC005380.1,98.765,81,1,0,1,81,17324,17244,8.98e-32,142
fragment_81,AF019664.1,98.765,81,1,0,1,81,31545,31465,8.98e-32,142
fragment_81,AC002981.1,98.765,81,1,0,1,81,45632,45712,8.98e-32,142
fragment_81,AC002064.1,98.765,81,1,0,1,81,152202,152282,8.98e-32,142
fragment_80,AL603888.9,100.000,80,0,0,1,80,132884,132963,7.23e-33,145
fragment_80,AL360015.25,100.000,80,0,0,1,80,9052,8973,7.23e-33,145
fragment_80,AB042031.1,98.750,80,1,0,1,80,8939,9018,3.07e-31,141
fragment_80,AB041731.1,98.750,80,1,0,1,80,112246,112325,3.07e-31,141
fragment_80,AP000426.3,98.750,80,1,0,1,80,100887,100966,3.07e-31,141
fragment_80,AP002529.1,98.750,80,1,0,1,80,19019,19098,3.07e-31,141
fragment_80,AP001691.1,98.750,80,1,0,1,80,160204,160283,3.07e-31,141
fragment_80,AP000948.2,98.750,80,1,0,1,80,62024,62103,3.07e-31,141
fragment_80,U95737.1,98.750,80,1,0,1,80,28536,28615,3.07e-31,141
fragment_80,AC005380.1,98.750,80,1,0,1,80,17324,17245,3.07e-31,141
fragment_80,AF019664.1,98.750,80,1,0,1,80,31545,31466,3.07e-31,141
fragment_80,AC002981.1,98.750,80,1,0,1,80,45632,45711,3.07e-31,141
fragment_80,AC002064.1,98.750,80,1,0,1,80,152202,152281,3.07e-31,141
fragment_79,AL603888.9,100.000,79,0,0,1,79,132884,132962,2.47e-32,143
fragment_79,AL360015.25,100.000,79,0,0,1,79,9052,8974,2.47e-32,143
fragment_79,AB042031.1,98.734,79,1,0,1,79,8939,9017,1.05e-30,139
fragment_79,AB041731.1,98.734,79,1,0,1,79,112246,112324,1.05e-30,139
fragment_79,AP000426.3,98.734,79,1,0,1,79,100887,100965,1.05e-30,139
fragment_79,AP002529.1,98.734,79,1,0,1,79,19019,19097,1.05e-30,139
fragment_79,AP001691.1,98.734,79,1,0,1,79,160204,160282,1.05e-30,139
fragment_79,AP000948.2,98.734,79,1,0,1,79,62024,62102,1.05e-30,139
fragment_79,U95737.1,98.734,79,1,0,1,79,28536,28614,1.05e-30,139
fragment_79,AC005380.1,98.734,79,1,0,1,79,17324,17246,1.05e-30,139
fragment_79,AF019664.1,98.734,79,1,0,1,79,31545,31467,1.05e-30,139
fragment_79,AC002981.1,98.734,79,1,0,1,79,45632,45710,1.05e-30,139
fragment_79,AC002064.1,98.734,79,1,0,1,79,152202,152280,1.05e-30,139
fragment_78,AL603888.9,100.000,78,0,0,1,78,132884,132961,8.45e-32,141
fragment_78,AL360015.25,100.000,78,0,0,1,78,9052,8975,8.45e-32,141
fragment_78,AB042031.1,98.718,78,1,0,1,78,8939,9016,3.59e-30,137
fragment_78,AB041731.1,98.718,78,1,0,1,78,112246,112323,3.59e-30,137
fragment_78,AP000426.3,98.718,78,1,0,1,78,100887,100964,3.59e-30,137
fragment_78,AP002529.1,98.718,78,1,0,1,78,19019,19096,3.59e-30,137
fragment_78,AP001691.1,98.718,78,1,0,1,78,160204,160281,3.59e-30,137
fragment_78,AP000948.2,98.718,78,1,0,1,78,62024,62101,3.59e-30,137
fragment_78,U95737.1,98.718,78,1,0,1,78,28536,28613,3.59e-30,137
fragment_78,AC005380.1,98.718,78,1,0,1,78,17324,17247,3.59e-30,137
fragment_78,AF019664.1,98.718,78,1,0,1,78,31545,31468,3.59e-30,137
fragment_78,AC002981.1,98.718,78,1,0,1,78,45632,45709,3.59e-30,137
fragment_78,AC002064.1,98.718,78,1,0,1,78,152202,152279,3.59e-30,137
fragment_77,AL603888.9,100.000,77,0,0,1,77,132884,132960,2.88e-31,140
fragment_77,AL360015.25,100.000,77,0,0,1,77,9052,8976,2.88e-31,140
fragment_77,AB042031.1,98.701,77,1,0,1,77,8939,9015,1.23e-29,135
fragment_77,AB041731.1,98.701,77,1,0,1,77,112246,112322,1.23e-29,135
fragment_77,AP000426.3,98.701,77,1,0,1,77,100887,100963,1.23e-29,135
fragment_77,AP002529.1,98.701,77,1,0,1,77,19019,19095,1.23e-29,135
fragment_77,AP001691.1,98.701,77,1,0,1,77,160204,160280,1.23e-29,135
fragment_77,AP000948.2,98.701,77,1,0,1,77,62024,62100,1.23e-29,135
fragment_77,U95737.1,98.701,77,1,0,1,77,28536,28612,1.23e-29,135
fragment_77,AC005380.1,98.701,77,1,0,1,77,17324,17248,1.23e-29,135
fragment_77,AF019664.1,98.701,77,1,0,1,77,31545,31469,1.23e-29,135
fragment_77,AC002981.1,98.701,77,1,0,1,77,45632,45708,1.23e-29,135
fragment_77,AC002064.1,98.701,77,1,0,1,77,152202,152278,1.23e-29,135
fragment_76,AL603888.9,100.000,76,0,0,1,76,132884,132959,9.85e-31,138
fragment_76,AL360015.25,100.000,76,0,0,1,76,9052,8977,9.85e-31,138
fragment_76,AB042031.1,98.684,76,1,0,1,76,8939,9014,4.19e-29,133
fragment_76,AB041731.1,98.684,76,1,0,1,76,112246,112321,4.19e-29,133
fragment_76,AP000426.3,98.684,76,1,0,1,76,100887,100962,4.19e-29,133
fragment_76,AP002529.1,98.684,76,1,0,1,76,19019,19094,4.19e-29,133
fragment_76,AP001691.1,98.684,76,1,0,1,76,160204,160279,4.19e-29,133
fragment_76,AP000948.2,98.684,76,1,0,1,76,62024,62099,4.19e-29,133
fragment_76,U95737.1,98.684,76,1,0,1,76,28536,28611,4.19e-29,133
fragment_76,AC005380.1,98.684,76,1,0,1,76,17324,17249,4.19e-29,133
fragment_76,AF019664.1,98.684,76,1,0,1,76,31545,31470,4.19e-29,133
fragment_76,AC002981.1,98.684,76,1,0,1,76,45632,45707,4.19e-29,133
fragment_76,AC002064.1,98.684,76,1,0,1,76,152202,152277,4.19e-29,133
fragment_75,AL603888.9,100.000,75,0,0,1,75,132884,132958,3.36e-30,136
fragment_75,AL360015.25,100.000,75,0,0,1,75,9052,8978,3.36e-30,136
fragment_75,AB042031.1,98.667,75,1,0,1,75,8939,9013,1.43e-28,132
fragment_75,AB041731.1,98.667,75,1,0,1,75,112246,112320,1.43e-28,132
fragment_75,AP000426.3,98.667,75,1,0,1,75,100887,100961,1.43e-28,132
fragment_75,AP002529.1,98.667,75,1,0,1,75,19019,19093,1.43e-28,132
fragment_75,AP001691.1,98.667,75,1,0,1,75,160204,160278,1.43e-28,132
fragment_75,AP000948.2,98.667,75,1,0,1,75,62024,62098,1.43e-28,132
fragment_75,U95737.1,98.667,75,1,0,1,75,28536,28610,1.43e-28,132
fragment_75,AC005380.1,98.667,75,1,0,1,75,17324,17250,1.43e-28,132
fragment_75,AF019664.1,98.667,75,1,0,1,75,31545,31471,1.43e-28,132
fragment_75,AC002981.1,98.667,75,1,0,1,75,45632,45706,1.43e-28,132
fragment_75,AC002064.1,98.667,75,1,0,1,75,152202,152276,1.43e-28,132
fragment_74,AL603888.9,100.000,74,0,0,1,74,132884,132957,1.15e-29,134
fragment_74,AL360015.25,100.000,74,0,0,1,74,9052,8979,1.15e-29,134
fragment_74,AB041731.1,98.649,74,1,0,1,74,112246,112319,4.88e-28,130
fragment_74,AP000426.3,98.649,74,1,0,1,74,100887,100960,4.88e-28,130
fragment_74,AP002529.1,98.649,74,1,0,1,74,19019,19092,4.88e-28,130
fragment_74,AP001691.1,98.649,74,1,0,1,74,160204,160277,4.88e-28,130
fragment_74,AC008833.5,98.649,74,1,0,1,74,15519,15592,4.88e-28,130
fragment_74,AP000948.2,98.649,74,1,0,1,74,62024,62097,4.88e-28,130
fragment_74,U95737.1,98.649,74,1,0,1,74,28536,28609,4.88e-28,130
fragment_74,AC005380.1,98.649,74,1,0,1,74,17324,17251,4.88e-28,130
fragment_74,AF019664.1,98.649,74,1,0,1,74,31545,31472,4.88e-28,130
fragment_74,AC002981.1,98.649,74,1,0,1,74,45632,45705,4.88e-28,130
fragment_74,AC002064.1,98.649,74,1,0,1,74,152202,152275,4.88e-28,130
fragment_73,AL603888.9,100.000,73,0,0,1,73,132884,132956,3.91e-29,132
fragment_73,AL360015.25,100.000,73,0,0,1,73,9052,8980,3.91e-29,132
fragment_73,AB041731.1,98.630,73,1,0,1,73,112246,112318,1.66e-27,128
fragment_73,AP000426.3,98.630,73,1,0,1,73,100887,100959,1.66e-27,128
fragment_73,AP002529.1,98.630,73,1,0,1,73,19019,19091,1.66e-27,128
fragment_73,AP001691.1,98.630,73,1,0,1,73,160204,160276,1.66e-27,128
fragment_73,AC008833.5,98.630,73,1,0,1,73,15519,15591,1.66e-27,128
fragment_73,AP000948.2,98.630,73,1,0,1,73,62024,62096,1.66e-27,128
fragment_73,U95737.1,98.630,73,1,0,1,73,28536,28608,1.66e-27,128
fragment_73,AC005380.1,98.630,73,1,0,1,73,17324,17252,1.66e-27,128
fragment_73,AF019664.1,98.630,73,1,0,1,73,31545,31473,1.66e-27,128
fragment_73,AC002981.1,98.630,73,1,0,1,73,45632,45704,1.66e-27,128
fragment_73,AC002064.1,98.630,73,1,0,1,73,152202,152274,1.66e-27,128
fragment_72,AL603888.9,100.000,72,0,0,1,72,132884,132955,1.33e-28,131
fragment_72,AL360015.25,100.000,72,0,0,1,72,9052,8981,1.33e-28,131
fragment_72,AP000426.3,98.611,72,1,0,1,72,100887,100958,5.66e-27,126
fragment_72,AP002529.1,98.611,72,1,0,1,72,19019,19090,5.66e-27,126
fragment_72,AP001691.1,98.611,72,1,0,1,72,160204,160275,5.66e-27,126
fragment_72,AC008833.5,98.611,72,1,0,1,72,15519,15590,5.66e-27,126
fragment_72,AJ131016.1,98.611,72,1,0,1,72,120738,120809,5.66e-27,126
fragment_72,AP000948.2,98.611,72,1,0,1,72,62024,62095,5.66e-27,126
fragment_72,U95737.1,98.611,72,1,0,1,72,28536,28607,5.66e-27,126
fragment_72,AC005380.1,98.611,72,1,0,1,72,17324,17253,5.66e-27,126
fragment_72,AF019664.1,98.611,72,1,0,1,72,31545,31474,5.66e-27,126
fragment_72,AC002981.1,98.611,72,1,0,1,72,45632,45703,5.66e-27,126
fragment_72,AC002064.1,98.611,72,1,0,1,72,152202,152273,5.66e-27,126
fragment_71,AL603888.9,100.000,71,0,0,1,71,132884,132954,4.54e-28,129
fragment_71,AL360015.25,100.000,71,0,0,1,71,9052,8982,4.54e-28,129
fragment_71,AP002529.1,98.592,71,1,0,1,71,19019,19089,1.93e-26,124
fragment_71,AP001691.1,98.592,71,1,0,1,71,160204,160274,1.93e-26,124
fragment_71,AC008833.5,98.592,71,1,0,1,71,15519,15589,1.93e-26,124
fragment_71,AJ131016.1,98.592,71,1,0,1,71,120738,120808,1.93e-26,124
fragment_71,AP000948.2,98.592,71,1,0,1,71,62024,62094,1.93e-26,124
fragment_71,U95737.1,98.592,71,1,0,1,71,28536,28606,1.93e-26,124
fragment_71,AC005380.1,98.592,71,1,0,1,71,17324,17254,1.93e-26,124
fragment_71,AF019664.1,98.592,71,1,0,1,71,31545,31475,1.93e-26,124
fragment_71,AC002981.1,98.592,71,1,0,1,71,45632,45702,1.93e-26,124
fragment_71,AC003998.1,98.592,71,1,0,1,71,83668,83598,1.93e-26,124
fragment_71,AC002064.1,98.592,71,1,0,1,71,152202,152272,1.93e-26,124
fragment_70,AL603888.9,100.000,70,0,0,1,70,132884,132953,1.58e-27,127
fragment_70,AL360015.25,100.000,70,0,0,1,70,9052,8983,1.58e-27,127
fragment_70,AP002529.1,98.571,70,1,0,1,70,19019,19088,6.73e-26,123
fragment_70,AP001691.1,98.571,70,1,0,1,70,160204,160273,6.73e-26,123
fragment_70,AC008833.5,98.571,70,1,0,1,70,15519,15588,6.73e-26,123
fragment_70,AJ131016.1,98.571,70,1,0,1,70,120738,120807,6.73e-26,123
fragment_70,AP000948.2,98.571,70,1,0,1,70,62024,62093,6.73e-26,123
fragment_70,U95737.1,98.571,70,1,0,1,70,28536,28605,6.73e-26,123
fragment_70,AC005380.1,98.571,70,1,0,1,70,17324,17255,6.73e-26,123
fragment_70,AF019664.1,98.571,70,1,0,1,70,31545,31476,6.73e-26,123
fragment_70,AC002981.1,98.571,70,1,0,1,70,45632,45701,6.73e-26,123
fragment_70,AC003998.1,98.571,70,1,0,1,70,83668,83599,6.73e-26,123
fragment_70,AC002064.1,98.571,70,1,0,1,70,152202,152271,6.73e-26,123
fragment_69,AL603888.9,100.000,69,0,0,1,69,132884,132952,5.39e-27,125
fragment_69,AL360015.25,100.000,69,0,0,1,69,9052,8984,5.39e-27,125
fragment_69,AP001691.1,98.551,69,1,0,1,69,160204,160272,2.29e-25,121
fragment_69,AC008833.5,98.551,69,1,0,1,69,15519,15587,2.29e-25,121
fragment_69,AJ131016.1,98.551,69,1,0,1,69,120738,120806,2.29e-25,121
fragment_69,AP000948.2,98.551,69,1,0,1,69,62024,62092,2.29e-25,121
fragment_69,AP000885.1,98.551,69,1,0,1,69,74888,74956,2.29e-25,121
fragment_69,U95737.1,98.551,69,1,0,1,69,28536,28604,2.29e-25,121
fragment_69,AC005380.1,98.551,69,1,0,1,69,17324,17256,2.29e-25,121
fragment_69,AF019664.1,98.551,69,1,0,1,69,31545,31477,2.29e-25,121
fragment_69,AC002981.1,98.551,69,1,0,1,69,45632,45700,2.29e-25,121
fragment_69,AC003998.1,98.551,69,1,0,1,69,83668,83600,2.29e-25,121
fragment_69,AC002064.1,98.551,69,1,0,1,69,152202,152270,2.29e-25,121
fragment_68,AL603888.9,100.000,68,0,0,1,68,132884,132951,1.83e-26,123
fragment_68,AL360015.25,100.000,68,0,0,1,68,9052,8985,1.83e-26,123
fragment_68,AC008833.5,98.529,68,1,0,1,68,15519,15586,7.79e-25,119
fragment_68,AJ131016.1,98.529,68,1,0,1,68,120738,120805,7.79e-25,119
fragment_68,AP000948.2,98.529,68,1,0,1,68,62024,62091,7.79e-25,119
fragment_68,AC007533.2,98.529,68,1,0,1,68,83577,83644,7.79e-25,119
fragment_68,AP000885.1,98.529,68,1,0,1,68,74888,74955,7.79e-25,119
fragment_68,U95737.1,98.529,68,1,0,1,68,28536,28603,7.79e-25,119
fragment_68,AC005380.1,98.529,68,1,0,1,68,17324,17257,7.79e-25,119
fragment_68,AF019664.1,98.529,68,1,0,1,68,31545,31478,7.79e-25,119
fragment_68,AC002981.1,98.529,68,1,0,1,68,45632,45699,7.79e-25,119
fragment_68,AC003998.1,98.529,68,1,0,1,68,83668,83601,7.79e-25,119
fragment_68,AC002064.1,98.529,68,1,0,1,68,152202,152269,7.79e-25,119
fragment_67,AL603888.9,100.000,67,0,0,1,67,132884,132950,6.23e-26,122
fragment_67,AL360015.25,100.000,67,0,0,1,67,9052,8986,6.23e-26,122
fragment_67,AC008833.5,98.507,67,1,0,1,67,15519,15585,2.65e-24,117
fragment_67,AJ131016.1,98.507,67,1,0,1,67,120738,120804,2.65e-24,117
fragment_67,AP000948.2,98.507,67,1,0,1,67,62024,62090,2.65e-24,117
fragment_67,AC007533.2,98.507,67,1,0,1,67,83577,83643,2.65e-24,117
fragment_67,AP000885.1,98.507,67,1,0,1,67,74888,74954,2.65e-24,117
fragment_67,U95737.1,98.507,67,1,0,1,67,28536,28602,2.65e-24,117
fragment_67,AC005380.1,98.507,67,1,0,1,67,17324,17258,2.65e-24,117
fragment_67,AF019664.1,98.507,67,1,0,1,67,31545,31479,2.65e-24,117
fragment_67,AC002981.1,98.507,67,1,0,1,67,45632,45698,2.65e-24,117
fragment_67,AC003998.1,98.507,67,1,0,1,67,83668,83602,2.65e-24,117
fragment_67,AC002064.1,98.507,67,1,0,1,67,152202,152268,2.65e-24,117
fragment_66,AL603888.9,100.000,66,0,0,1,66,132884,132949,2.11e-25,120
fragment_66,AL360015.25,100.000,66,0,0,1,66,9052,8987,2.11e-25,120
fragment_66,AC008833.5,98.485,66,1,0,1,66,15519,15584,8.99e-24,115
fragment_66,AJ131016.1,98.485,66,1,0,1,66,120738,120803,8.99e-24,115
fragment_66,AP000948.2,98.485,66,1,0,1,66,62024,62089,8.99e-24,115
fragment_66,AC007533.2,98.485,66,1,0,1,66,83577,83642,8.99e-24,115
fragment_66,AP000885.1,98.485,66,1,0,1,66,74888,74953,8.99e-24,115
fragment_66,U95737.1,98.485,66,1,0,1,66,28536,28601,8.99e-24,115
fragment_66,AC005380.1,98.485,66,1,0,1,66,17324,17259,8.99e-24,115
fragment_66,AF019664.1,98.485,66,1,0,1,66,31545,31480,8.99e-24,115
fragment_66,AC002981.1,98.485,66,1,0,1,66,45632,45697,8.99e-24,115
fragment_66,AC003998.1,98.485,66,1,0,1,66,83668,83603,8.99e-24,115
fragment_66,AC002064.1,98.485,66,1,0,1,66,152202,152267,8.99e-24,115
fragment_65,AL603888.9,100.000,65,0,0,1,65,132884,132948,7.18e-25,118
fragment_65,AL360015.25,100.000,65,0,0,1,65,9052,8988,7.18e-25,118
fragment_65,AC008833.5,98.462,65,1,0,1,65,15519,15583,3.05e-23,113
fragment_65,AJ131016.1,98.462,65,1,0,1,65,120738,120802,3.05e-23,113
fragment_65,AP000948.2,98.462,65,1,0,1,65,62024,62088,3.05e-23,113
fragment_65,AC007533.2,98.462,65,1,0,1,65,83577,83641,3.05e-23,113
fragment_65,AP000885.1,98.462,65,1,0,1,65,74888,74952,3.05e-23,113
fragment_65,U95737.1,98.462,65,1,0,1,65,28536,28600,3.05e-23,113
fragment_65,AC005380.1,98.462,65,1,0,1,65,17324,17260,3.05e-23,113
fragment_65,AF019664.1,98.462,65,1,0,1,65,31545,31481,3.05e-23,113
fragment_65,AC002981.1,98.462,65,1,0,1,65,45632,45696,3.05e-23,113
fragment_65,AC003998.1,98.462,65,1,0,1,65,83668,83604,3.05e-23,113
fragment_65,AC002064.1,98.462,65,1,0,1,65,152202,152266,3.05e-23,113
fragment_64,AL603888.9,100.000,64,0,0,1,64,132884,132947,2.43e-24,116
fragment_64,AL360015.25,100.000,64,0,0,1,64,9052,8989,2.43e-24,116
fragment_64,AC008833.5,98.438,64,1,0,1,64,15519,15582,1.03e-22,112
fragment_64,AJ131016.1,98.438,64,1,0,1,64,120738,120801,1.03e-22,112
fragment_64,AP000948.2,98.438,64,1,0,1,64,62024,62087,1.03e-22,112
fragment_64,AC007533.2,98.438,64,1,0,1,64,83577,83640,1.03e-22,112
fragment_64,AP000885.1,98.438,64,1,0,1,64,74888,74951,1.03e-22,112
fragment_64,U95737.1,98.438,64,1,0,1,64,28536,28599,1.03e-22,112
fragment_64,AC005380.1,98.438,64,1,0,1,64,17324,17261,1.03e-22,112
fragment_64,AF019664.1,98.438,64,1,0,1,64,31545,31482,1.03e-22,112
fragment_64,AC002981.1,98.438,64,1,0,1,64,45632,45695,1.03e-22,112
fragment_64,AC003998.1,98.438,64,1,0,1,64,83668,83605,1.03e-22,112
fragment_64,AC002064.1,98.438,64,1,0,1,64,152202,152265,1.03e-22,112
fragment_63,AL603888.9,100.000,63,0,0,1,63,132884,132946,8.24e-24,114
fragment_63,AL360015.25,100.000,63,0,0,1,63,9052,8990,8.24e-24,114
fragment_63,NG_051047.1,100.000,62,0,0,1,62,231539,231478,2.88e-23,113
fragment_63,AC104305.2,100.000,62,0,0,1,62,10067,10128,2.88e-23,113
fragment_63,AP000948.2,98.413,63,1,0,1,63,62024,62086,3.50e-22,110
fragment_63,AC007533.2,98.413,63,1,0,1,63,83577,83639,3.50e-22,110
fragment_63,AP000885.1,98.413,63,1,0,1,63,74888,74950,3.50e-22,110
fragment_63,U95737.1,98.413,63,1,0,1,63,28536,28598,3.50e-22,110
fragment_63,AC005380.1,98.413,63,1,0,1,63,17324,17262,3.50e-22,110
fragment_63,AF019664.1,98.413,63,1,0,1,63,31545,31483,3.50e-22,110
fragment_63,AC002981.1,98.413,63,1,0,1,63,45632,45694,3.50e-22,110
fragment_63,AC003998.1,98.413,63,1,0,1,63,83668,83606,3.50e-22,110
fragment_63,AC002064.1,98.413,63,1,0,1,63,152202,152264,3.50e-22,110
fragment_62,NG_051047.1,100.000,62,0,0,1,62,231539,231478,2.79e-23,113
fragment_62,AC104305.2,100.000,62,0,0,1,62,10067,10128,2.79e-23,113
fragment_62,AL603888.9,100.000,62,0,0,1,62,132884,132945,2.79e-23,113
fragment_62,AL360015.25,100.000,62,0,0,1,62,9052,8991,2.79e-23,113
fragment_62,AC004054.1,98.387,62,1,0,1,62,15359,15298,1.19e-21,108
fragment_62,AF019664.1,98.387,62,1,0,1,62,31545,31484,1.19e-21,108
fragment_62,AC004389.1,98.387,62,1,0,1,62,22753,22814,1.19e-21,108
fragment_62,AC002981.1,98.387,62,1,0,1,62,45632,45693,1.19e-21,108
fragment_62,AC004021.1,98.387,62,1,0,1,62,21350,21289,1.19e-21,108
fragment_62,AC003998.1,98.387,62,1,0,1,62,83668,83607,1.19e-21,108
fragment_62,AC002426.1,98.387,62,1,0,1,62,92854,92793,1.19e-21,108
fragment_62,AC002064.1,98.387,62,1,0,1,62,152202,152263,1.19e-21,108
fragment_62,Z82255.1,98.387,62,1,0,1,62,30473,30412,1.19e-21,108
fragment_61,NG_051047.1,100.000,61,0,0,1,61,231539,231479,9.43e-23,111
fragment_61,AC104305.2,100.000,61,0,0,1,61,10067,10127,9.43e-23,111
fragment_61,AL603888.9,100.000,61,0,0,1,61,132884,132944,9.43e-23,111
fragment_61,AL360015.25,100.000,61,0,0,1,61,9052,8992,9.43e-23,111
fragment_61,AC002416.1,98.361,61,1,0,1,61,99654,99714,4.01e-21,106
fragment_61,AC002981.1,98.361,61,1,0,1,61,45632,45692,4.01e-21,106
fragment_61,AC004021.1,98.361,61,1,0,1,61,21350,21290,4.01e-21,106
fragment_61,AC003998.1,98.361,61,1,0,1,61,83668,83608,4.01e-21,106
fragment_61,AC002426.1,98.361,61,1,0,1,61,92854,92794,4.01e-21,106
fragment_61,AC002080.1,98.361,61,1,0,1,61,132554,132614,4.01e-21,106
fragment_61,AC002064.1,98.361,61,1,0,1,61,152202,152262,4.01e-21,106
fragment_61,Z82255.1,98.361,61,1,0,1,61,30473,30413,4.01e-21,106
fragment_61,U50871.1,98.361,61,1,0,1,61,84638,84578,4.01e-21,106
fragment_60,NG_051047.1,100.000,60,0,0,1,60,231539,231480,3.19e-22,109
fragment_60,AC104305.2,100.000,60,0,0,1,60,10067,10126,3.19e-22,109
fragment_60,AL603888.9,100.000,60,0,0,1,60,132884,132943,3.19e-22,109
fragment_60,AL360015.25,100.000,60,0,0,1,60,9052,8993,3.19e-22,109
fragment_60,AC002416.1,98.333,60,1,0,1,60,99654,99713,1.35e-20,104
fragment_60,AC002981.1,98.333,60,1,0,1,60,45632,45691,1.35e-20,104
fragment_60,AC004021.1,98.333,60,1,0,1,60,21350,21291,1.35e-20,104
fragment_60,AC003998.1,98.333,60,1,0,1,60,83668,83609,1.35e-20,104
fragment_60,AC002426.1,98.333,60,1,0,1,60,92854,92795,1.35e-20,104
fragment_60,AC002080.1,98.333,60,1,0,1,60,132554,132613,1.35e-20,104
fragment_60,AC002064.1,98.333,60,1,0,1,60,152202,152261,1.35e-20,104
fragment_60,Z82255.1,98.333,60,1,0,1,60,30473,30414,1.35e-20,104
fragment_60,U50871.1,98.333,60,1,0,1,60,84638,84579,1.35e-20,104
fragment_59,NG_051047.1,100.000,59,0,0,1,59,231539,231481,1.07e-21,107
fragment_59,AC104305.2,100.000,59,0,0,1,59,10067,10125,1.07e-21,107
fragment_59,AL603888.9,100.000,59,0,0,1,59,132884,132942,1.07e-21,107
fragment_59,AL360015.25,100.000,59,0,0,1,59,9052,8994,1.07e-21,107
fragment_59,AC205937.3,100.000,58,0,0,1,58,17388,17331,3.75e-21,105
fragment_59,AC002981.1,98.305,59,1,0,1,59,45632,45690,4.57e-20,103
fragment_59,AC004021.1,98.305,59,1,0,1,59,21350,21292,4.57e-20,103
fragment_59,AC003998.1,98.305,59,1,0,1,59,83668,83610,4.57e-20,103
fragment_59,AC002426.1,98.305,59,1,0,1,59,92854,92796,4.57e-20,103
fragment_59,AC002080.1,98.305,59,1,0,1,59,132554,132612,4.57e-20,103
fragment_59,AC002064.1,98.305,59,1,0,1,59,152202,152260,4.57e-20,103
fragment_59,Z82255.1,98.305,59,1,0,1,59,30473,30415,4.57e-20,103
fragment_59,U50871.1,98.305,59,1,0,1,59,84638,84580,4.57e-20,103
fragment_58,NG_051047.1,100.000,58,0,0,1,58,231539,231482,3.62e-21,105
fragment_58,AC205937.3,100.000,58,0,0,1,58,17388,17331,3.62e-21,105
fragment_58,AC104305.2,100.000,58,0,0,1,58,10067,10124,3.62e-21,105
fragment_58,AL603888.9,100.000,58,0,0,1,58,132884,132941,3.62e-21,105
fragment_58,AL360015.25,100.000,58,0,0,1,58,9052,8995,3.62e-21,105
fragment_58,AC004021.1,98.276,58,1,0,1,58,21350,21293,1.54e-19,101
fragment_58,AC003998.1,98.276,58,1,0,1,58,83668,83611,1.54e-19,101
fragment_58,AC002366.1,98.276,58,1,0,1,58,136961,136904,1.54e-19,101
fragment_58,AC002426.1,98.276,58,1,0,1,58,92854,92797,1.54e-19,101
fragment_58,AC002080.1,98.276,58,1,0,1,58,132554,132611,1.54e-19,101
fragment_58,AC002064.1,98.276,58,1,0,1,58,152202,152259,1.54e-19,101
fragment_58,Z82255.1,98.276,58,1,0,1,58,30473,30416,1.54e-19,101
fragment_58,U50871.1,98.276,58,1,0,1,58,84638,84581,1.54e-19,101
fragment_57,NG_051047.1,100.000,57,0,0,1,57,231539,231483,1.22e-20,104
fragment_57,AC205937.3,100.000,57,0,0,1,57,17388,17332,1.22e-20,104
fragment_57,AC104305.2,100.000,57,0,0,1,57,10067,10123,1.22e-20,104
fragment_57,AL603888.9,100.000,57,0,0,1,57,132884,132940,1.22e-20,104
fragment_57,AL360015.25,100.000,57,0,0,1,57,9052,8996,1.22e-20,104
fragment_57,AC002426.1,98.246,57,1,0,1,57,92854,92798,5.18e-19,99.6
fragment_57,AC002080.1,98.246,57,1,0,1,57,132554,132610,5.18e-19,99.6
fragment_57,AC002064.1,98.246,57,1,0,1,57,152202,152258,5.18e-19,99.6
fragment_57,Z82255.1,98.246,57,1,0,1,57,30473,30417,5.18e-19,99.6
fragment_57,AC000358.1,98.246,57,1,0,1,57,6265,6321,5.18e-19,99.6
fragment_57,AC000124.1,98.246,57,1,0,1,57,41133,41189,5.18e-19,99.6
fragment_57,AC000116.1,98.246,57,1,0,1,57,73024,73080,5.18e-19,99.6
fragment_57,U50871.1,98.246,57,1,0,1,57,84638,84582,5.18e-19,99.6
fragment_56,NG_051047.1,100.000,56,0,0,1,56,231539,231484,4.10e-20,102
fragment_56,AC205937.3,100.000,56,0,0,1,56,17388,17333,4.10e-20,102
fragment_56,AC104305.2,100.000,56,0,0,1,56,10067,10122,4.10e-20,102
fragment_56,AL603888.9,100.000,56,0,0,1,56,132884,132939,4.10e-20,102
fragment_56,AL360015.25,100.000,56,0,0,1,56,9052,8997,4.10e-20,102
fragment_56,AC012076.5,100.000,55,0,0,1,55,165976,166030,1.43e-19,100
fragment_56,AC002080.1,98.214,56,1,0,1,56,132554,132609,1.74e-18,97.8
fragment_56,AC002064.1,98.214,56,1,0,1,56,152202,152257,1.74e-18,97.8
fragment_56,Z82255.1,98.214,56,1,0,1,56,30473,30418,1.74e-18,97.8
fragment_56,AC000358.1,98.214,56,1,0,1,56,6265,6320,1.74e-18,97.8
fragment_56,AC000124.1,98.214,56,1,0,1,56,41133,41188,1.74e-18,97.8
fragment_56,AC000116.1,98.214,56,1,0,1,56,73024,73079,1.74e-18,97.8
fragment_56,U50871.1,98.214,56,1,0,1,56,84638,84583,1.74e-18,97.8
fragment_55,NG_051047.1,100.000,55,0,0,1,55,231539,231485,1.38e-19,100
fragment_55,AC205937.3,100.000,55,0,0,1,55,17388,17334,1.38e-19,100
fragment_55,AC104305.2,100.000,55,0,0,1,55,10067,10121,1.38e-19,100
fragment_55,AL603888.9,100.000,55,0,0,1,55,132884,132938,1.38e-19,100
fragment_55,AL360015.25,100.000,55,0,0,1,55,9052,8998,1.38e-19,100
fragment_55,AC012076.5,100.000,55,0,0,1,55,165976,166030,1.38e-19,100
fragment_55,AC270296.1,100.000,54,0,0,1,54,189321,189268,4.80e-19,98.7
fragment_55,AC270276.1,100.000,54,0,0,1,54,20635,20582,4.80e-19,98.7
fragment_55,AC104964.12,100.000,54,0,0,1,54,142695,142748,4.80e-19,98.7
fragment_55,AC099541.2,100.000,54,0,0,1,54,169809,169862,4.80e-19,98.7
fragment_55,AC114316.2,100.000,54,0,0,1,54,50697,50750,4.80e-19,98.7
fragment_55,AC099560.2,100.000,54,0,0,1,54,51803,51856,4.80e-19,98.7
fragment_55,AC138990.2,100.000,54,0,0,1,54,67487,67434,4.80e-19,98.7
fragment_54,NG_051047.1,100.000,54,0,0,1,54,231539,231486,4.61e-19,98.7
fragment_54,AC270296.1,100.000,54,0,0,1,54,189321,189268,4.61e-19,98.7
fragment_54,AC270276.1,100.000,54,0,0,1,54,20635,20582,4.61e-19,98.7
fragment_54,AC205937.3,100.000,54,0,0,1,54,17388,17335,4.61e-19,98.7
fragment_54,AC104964.12,100.000,54,0,0,1,54,142695,142748,4.61e-19,98.7
fragment_54,AC099541.2,100.000,54,0,0,1,54,169809,169862,4.61e-19,98.7
fragment_54,AC114316.2,100.000,54,0,0,1,54,50697,50750,4.61e-19,98.7
fragment_54,AC099560.2,100.000,54,0,0,1,54,51803,51856,4.61e-19,98.7
fragment_54,AC104305.2,100.000,54,0,0,1,54,10067,10120,4.61e-19,98.7
fragment_54,AL603888.9,100.000,54,0,0,1,54,132884,132937,4.61e-19,98.7
fragment_54,AL360015.25,100.000,54,0,0,1,54,9052,8999,4.61e-19,98.7
fragment_54,AC138990.2,100.000,54,0,0,1,54,67487,67434,4.61e-19,98.7
fragment_54,AC012076.5,100.000,54,0,0,1,54,165976,166029,4.61e-19,98.7
fragment_53,NG_051047.1,100.000,53,0,0,1,53,231539,231487,1.54e-18,96.9
fragment_53,AC270296.1,100.000,53,0,0,1,53,189321,189269,1.54e-18,96.9
fragment_53,AC270276.1,100.000,53,0,0,1,53,20635,20583,1.54e-18,96.9
fragment_53,AC205937.3,100.000,53,0,0,1,53,17388,17336,1.54e-18,96.9
fragment_53,AC104964.12,100.000,53,0,0,1,53,142695,142747,1.54e-18,96.9
fragment_53,AC099541.2,100.000,53,0,0,1,53,169809,169861,1.54e-18,96.9
fragment_53,AC114316.2,100.000,53,0,0,1,53,50697,50749,1.54e-18,96.9
fragment_53,AC099560.2,100.000,53,0,0,1,53,51803,51855,1.54e-18,96.9
fragment_53,AC104305.2,100.000,53,0,0,1,53,10067,10119,1.54e-18,96.9
fragment_53,AL603888.9,100.000,53,0,0,1,53,132884,132936,1.54e-18,96.9
fragment_53,AL360015.25,100.000,53,0,0,1,53,9052,9000,1.54e-18,96.9
fragment_53,AC138990.2,100.000,53,0,0,1,53,67487,67435,1.54e-18,96.9
fragment_53,AC012076.5,100.000,53,0,0,1,53,165976,166028,1.54e-18,96.9
fragment_52,NG_051047.1,100.000,52,0,0,1,52,231539,231488,5.15e-18,95.1
fragment_52,AC270296.1,100.000,52,0,0,1,52,189321,189270,5.15e-18,95.1
fragment_52,AC270276.1,100.000,52,0,0,1,52,20635,20584,5.15e-18,95.1
fragment_52,AC205937.3,100.000,52,0,0,1,52,17388,17337,5.15e-18,95.1
fragment_52,AC104964.12,100.000,52,0,0,1,52,142695,142746,5.15e-18,95.1
fragment_52,AC099541.2,100.000,52,0,0,1,52,169809,169860,5.15e-18,95.1
fragment_52,AC114316.2,100.000,52,0,0,1,52,50697,50748,5.15e-18,95.1
fragment_52,AC099560.2,100.000,52,0,0,1,52,51803,51854,5.15e-18,95.1
fragment_52,AC104305.2,100.000,52,0,0,1,52,10067,10118,5.15e-18,95.1
fragment_52,AL603888.9,100.000,52,0,0,1,52,132884,132935,5.15e-18,95.1
fragment_52,AL360015.25,100.000,52,0,0,1,52,9052,9001,5.15e-18,95.1
fragment_52,AC138990.2,100.000,52,0,0,1,52,67487,67436,5.15e-18,95.1
fragment_52,AC012076.5,100.000,52,0,0,1,52,165976,166027,5.15e-18,95.1
fragment_51,NG_051047.1,100.000,51,0,0,1,51,231539,231489,1.71e-17,93.3
fragment_51,AC270296.1,100.000,51,0,0,1,51,189321,189271,1.71e-17,93.3
fragment_51,AC270276.1,100.000,51,0,0,1,51,20635,20585,1.71e-17,93.3
fragment_51,AC205937.3,100.000,51,0,0,1,51,17388,17338,1.71e-17,93.3
fragment_51,AC104964.12,100.000,51,0,0,1,51,142695,142745,1.71e-17,93.3
fragment_51,AC099541.2,100.000,51,0,0,1,51,169809,169859,1.71e-17,93.3
fragment_51,AC114316.2,100.000,51,0,0,1,51,50697,50747,1.71e-17,93.3
fragment_51,AC099560.2,100.000,51,0,0,1,51,51803,51853,1.71e-17,93.3
fragment_51,AC104305.2,100.000,51,0,0,1,51,10067,10117,1.71e-17,93.3
fragment_51,AL603888.9,100.000,51,0,0,1,51,132884,132934,1.71e-17,93.3
fragment_51,AL360015.25,100.000,51,0,0,1,51,9052,9002,1.71e-17,93.3
fragment_51,AC138990.2,100.000,51,0,0,1,51,67487,67437,1.71e-17,93.3
fragment_51,AC012076.5,100.000,51,0,0,1,51,165976,166026,1.71e-17,93.3
fragment_50,NG_051047.1,100.000,50,0,0,1,50,231539,231490,5.70e-17,91.5
fragment_50,AC270296.1,100.000,50,0,0,1,50,189321,189272,5.70e-17,91.5
fragment_50,AC270276.1,100.000,50,0,0,1,50,20635,20586,5.70e-17,91.5
fragment_50,AC205937.3,100.000,50,0,0,1,50,17388,17339,5.70e-17,91.5
fragment_50,AC104964.12,100.000,50,0,0,1,50,142695,142744,5.70e-17,91.5
fragment_50,AC099541.2,100.000,50,0,0,1,50,169809,169858,5.70e-17,91.5
fragment_50,AC114316.2,100.000,50,0,0,1,50,50697,50746,5.70e-17,91.5
fragment_50,AC099560.2,100.000,50,0,0,1,50,51803,51852,5.70e-17,91.5
fragment_50,AC104305.2,100.000,50,0,0,1,50,10067,10116,5.70e-17,91.5
fragment_50,AL603888.9,100.000,50,0,0,1,50,132884,132933,5.70e-17,91.5
fragment_50,AL360015.25,100.000,50,0,0,1,50,9052,9003,5.70e-17,91.5
fragment_50,AC138990.2,100.000,50,0,0,1,50,67487,67438,5.70e-17,91.5
fragment_50,AC012076.5,100.000,50,0,0,1,50,165976,166025,5.70e-17,91.5
fragment_49,NG_051047.1,100.000,49,0,0,1,49,231539,231491,1.89e-16,89.7
fragment_49,AC270296.1,100.000,49,0,0,1,49,189321,189273,1.89e-16,89.7
fragment_49,AC270276.1,100.000,49,0,0,1,49,20635,20587,1.89e-16,89.7
fragment_49,AC205937.3,100.000,49,0,0,1,49,17388,17340,1.89e-16,89.7
fragment_49,AC104964.12,100.000,49,0,0,1,49,142695,142743,1.89e-16,89.7
fragment_49,AC099541.2,100.000,49,0,0,1,49,169809,169857,1.89e-16,89.7
fragment_49,AC114316.2,100.000,49,0,0,1,49,50697,50745,1.89e-16,89.7
fragment_49,AC099560.2,100.000,49,0,0,1,49,51803,51851,1.89e-16,89.7
fragment_49,AC104305.2,100.000,49,0,0,1,49,10067,10115,1.89e-16,89.7
fragment_49,AL603888.9,100.000,49,0,0,1,49,132884,132932,1.89e-16,89.7
fragment_49,AL360015.25,100.000,49,0,0,1,49,9052,9004,1.89e-16,89.7
fragment_49,AC138990.2,100.000,49,0,0,1,49,67487,67439,1.89e-16,89.7
fragment_49,AC012076.5,100.000,49,0,0,1,49,165976,166024,1.89e-16,89.7
fragment_48,NG_051047.1,100.000,48,0,0,1,48,231539,231492,6.60e-16,87.8
fragment_48,AC270296.1,100.000,48,0,0,1,48,189321,189274,6.60e-16,87.8
fragment_48,AC270276.1,100.000,48,0,0,1,48,20635,20588,6.60e-16,87.8
fragment_48,AC205937.3,100.000,48,0,0,1,48,17388,17341,6.60e-16,87.8
fragment_48,AC104964.12,100.000,48,0,0,1,48,142695,142742,6.60e-16,87.8
fragment_48,AC099541.2,100.000,48,0,0,1,48,169809,169856,6.60e-16,87.8
fragment_48,AC114316.2,100.000,48,0,0,1,48,50697,50744,6.60e-16,87.8
fragment_48,AC099560.2,100.000,48,0,0,1,48,51803,51850,6.60e-16,87.8
fragment_48,AC104305.2,100.000,48,0,0,1,48,10067,10114,6.60e-16,87.8
fragment_48,AL603888.9,100.000,48,0,0,1,48,132884,132931,6.60e-16,87.8
fragment_48,AL360015.25,100.000,48,0,0,1,48,9052,9005,6.60e-16,87.8
fragment_48,AC138990.2,100.000,48,0,0,1,48,67487,67440,6.60e-16,87.8
fragment_48,AC012076.5,100.000,48,0,0,1,48,165976,166023,6.60e-16,87.8
fragment_47,AC270276.1,100.000,47,0,0,1,47,20635,20589,2.18e-15,86.0
fragment_47,AC226060.3,100.000,47,0,0,1,47,28838,28792,2.18e-15,86.0
fragment_47,AC205937.3,100.000,47,0,0,1,47,17388,17342,2.18e-15,86.0
fragment_47,AC104964.12,100.000,47,0,0,1,47,142695,142741,2.18e-15,86.0
fragment_47,AC099484.4,100.000,47,0,0,1,47,85237,85283,2.18e-15,86.0
fragment_47,AC099541.2,100.000,47,0,0,1,47,169809,169855,2.18e-15,86.0
fragment_47,AC114316.2,100.000,47,0,0,1,47,50697,50743,2.18e-15,86.0
fragment_47,AC099560.2,100.000,47,0,0,1,47,51803,51849,2.18e-15,86.0
fragment_47,AC104305.2,100.000,47,0,0,1,47,10067,10113,2.18e-15,86.0
fragment_47,AL603888.9,100.000,47,0,0,1,47,132884,132930,2.18e-15,86.0
fragment_47,AL360015.25,100.000,47,0,0,1,47,9052,9006,2.18e-15,86.0
fragment_47,AC138990.2,100.000,47,0,0,1,47,67487,67441,2.18e-15,86.0
fragment_47,AC012076.5,100.000,47,0,0,1,47,165976,166022,2.18e-15,86.0
fragment_46,AC002416.1,100.000,46,0,0,1,46,61274,61229,7.19e-15,84.2
fragment_46,AC002416.1,100.000,46,0,0,1,46,99654,99699,7.19e-15,84.2
fragment_46,AC002981.1,100.000,46,0,0,1,46,45632,45677,7.19e-15,84.2
fragment_46,AC004021.1,100.000,46,0,0,1,46,21350,21305,7.19e-15,84.2
fragment_46,AC003998.1,100.000,46,0,0,1,46,83668,83623,7.19e-15,84.2
fragment_46,AC002366.1,100.000,46,0,0,1,46,136961,136916,7.19e-15,84.2
fragment_46,AC002426.1,100.000,46,0,0,1,46,92854,92809,7.19e-15,84.2
fragment_46,AC002080.1,100.000,46,0,0,1,46,132554,132599,7.19e-15,84.2
fragment_46,AC002064.1,100.000,46,0,0,1,46,152202,152247,7.19e-15,84.2
fragment_46,AC000358.1,100.000,46,0,0,1,46,6265,6310,7.19e-15,84.2
fragment_46,AC000124.1,100.000,46,0,0,1,46,41133,41178,7.19e-15,84.2
fragment_46,AC000116.1,100.000,46,0,0,1,46,73024,73069,7.19e-15,84.2
fragment_46,U50871.1,100.000,46,0,0,1,46,84638,84593,7.19e-15,84.2
fragment_45,AC003998.1,100.000,45,0,0,1,45,83668,83624,2.36e-14,82.4
fragment_45,AC002366.1,100.000,45,0,0,1,45,136961,136917,2.36e-14,82.4
fragment_45,AC002426.1,100.000,45,0,0,1,45,92854,92810,2.36e-14,82.4
fragment_45,D86996.1,100.000,45,0,0,1,45,6733,6689,2.36e-14,82.4
fragment_45,AC002080.1,100.000,45,0,0,1,45,132554,132598,2.36e-14,82.4
fragment_45,AC002064.1,100.000,45,0,0,1,45,152202,152246,2.36e-14,82.4
fragment_45,AC000358.1,100.000,45,0,0,1,45,6265,6309,2.36e-14,82.4
fragment_45,AC000124.1,100.000,45,0,0,1,45,41133,41177,2.36e-14,82.4
fragment_45,AC000116.1,100.000,45,0,0,1,45,73024,73068,2.36e-14,82.4
fragment_45,U63313.1,100.000,45,0,0,1,45,34584,34540,2.36e-14,82.4
fragment_45,U50871.1,100.000,45,0,0,1,45,84638,84594,2.36e-14,82.4
fragment_45,Z68746.1,100.000,45,0,0,1,45,29525,29481,2.36e-14,82.4
fragment_45,M68841.1,97.778,45,1,0,1,45,850,806,2.88e-13,79.7
fragment_44,AC003998.1,100.000,44,0,0,1,44,83668,83625,7.73e-14,80.6
fragment_44,AC002366.1,100.000,44,0,0,1,44,136961,136918,7.73e-14,80.6
fragment_44,AC002426.1,100.000,44,0,0,1,44,92854,92811,7.73e-14,80.6
fragment_44,D86996.1,100.000,44,0,0,1,44,6733,6690,7.73e-14,80.6
fragment_44,AC002080.1,100.000,44,0,0,1,44,132554,132597,7.73e-14,80.6
fragment_44,AC002064.1,100.000,44,0,0,1,44,152202,152245,7.73e-14,80.6
fragment_44,AC000358.1,100.000,44,0,0,1,44,6265,6308,7.73e-14,80.6
fragment_44,AC000124.1,100.000,44,0,0,1,44,41133,41176,7.73e-14,80.6
fragment_44,AC000116.1,100.000,44,0,0,1,44,73024,73067,7.73e-14,80.6
fragment_44,U63313.1,100.000,44,0,0,1,44,34584,34541,7.73e-14,80.6
fragment_44,U50871.1,100.000,44,0,0,1,44,84638,84595,7.73e-14,80.6
fragment_44,Z68746.1,100.000,44,0,0,1,44,29525,29482,7.73e-14,80.6
fragment_44,M68841.1,97.727,44,1,0,1,44,850,807,9.42e-13,77.9
fragment_43,AC003998.1,100.000,43,0,0,1,43,83668,83626,2.52e-13,78.8
fragment_43,AC002366.1,100.000,43,0,0,1,43,136961,136919,2.52e-13,78.8
fragment_43,AC002426.1,100.000,43,0,0,1,43,92854,92812,2.52e-13,78.8
fragment_43,D86996.1,100.000,43,0,0,1,43,6733,6691,2.52e-13,78.8
fragment_43,AC002080.1,100.000,43,0,0,1,43,132554,132596,2.52e-13,78.8
fragment_43,AC002064.1,100.000,43,0,0,1,43,152202,152244,2.52e-13,78.8
fragment_43,AC000358.1,100.000,43,0,0,1,43,6265,6307,2.52e-13,78.8
fragment_43,AC000124.1,100.000,43,0,0,1,43,41133,41175,2.52e-13,78.8
fragment_43,AC000116.1,100.000,43,0,0,1,43,73024,73066,2.52e-13,78.8
fragment_43,U63313.1,100.000,43,0,0,1,43,34584,34542,2.52e-13,78.8
fragment_43,U50871.1,100.000,43,0,0,1,43,84638,84596,2.52e-13,78.8
fragment_43,Z68746.1,100.000,43,0,0,1,43,29525,29483,2.52e-13,78.8
fragment_43,M68841.1,97.674,43,1,0,1,43,850,808,3.07e-12,76.1
fragment_42,AC003998.1,100.000,42,0,0,1,42,83668,83627,8.16e-13,77.0
fragment_42,AC002366.1,100.000,42,0,0,1,42,136961,136920,8.16e-13,77.0
fragment_42,AC002426.1,100.000,42,0,0,1,42,92854,92813,8.16e-13,77.0
fragment_42,D86996.1,100.000,42,0,0,1,42,6733,6692,8.16e-13,77.0
fragment_42,AC002080.1,100.000,42,0,0,1,42,132554,132595,8.16e-13,77.0
fragment_42,AC002064.1,100.000,42,0,0,1,42,152202,152243,8.16e-13,77.0
fragment_42,AC000358.1,100.000,42,0,0,1,42,6265,6306,8.16e-13,77.0
fragment_42,AC000124.1,100.000,42,0,0,1,42,41133,41174,8.16e-13,77.0
fragment_42,AC000116.1,100.000,42,0,0,1,42,73024,73065,8.16e-13,77.0
fragment_42,U63313.1,100.000,42,0,0,1,42,34584,34543,8.16e-13,77.0
fragment_42,U50871.1,100.000,42,0,0,1,42,84638,84597,8.16e-13,77.0
fragment_42,Z68746.1,100.000,42,0,0,1,42,29525,29484,8.16e-13,77.0
fragment_42,M68841.1,97.619,42,1,0,1,42,850,809,9.94e-12,74.3
fragment_41,AC003998.1,100.000,41,0,0,1,41,83668,83628,2.63e-12,75.2
fragment_41,AC002366.1,100.000,41,0,0,1,41,136961,136921,2.63e-12,75.2
fragment_41,AC002426.1,100.000,41,0,0,1,41,92854,92814,2.63e-12,75.2
fragment_41,D86996.1,100.000,41,0,0,1,41,6733,6693,2.63e-12,75.2
fragment_41,AC002080.1,100.000,41,0,0,1,41,132554,132594,2.63e-12,75.2
fragment_41,AC002064.1,100.000,41,0,0,1,41,152202,152242,2.63e-12,75.2
fragment_41,AC000358.1,100.000,41,0,0,1,41,6265,6305,2.63e-12,75.2
fragment_41,AC000124.1,100.000,41,0,0,1,41,41133,41173,2.63e-12,75.2
fragment_41,AC000116.1,100.000,41,0,0,1,41,73024,73064,2.63e-12,75.2
fragment_41,U63313.1,100.000,41,0,0,1,41,34584,34544,2.63e-12,75.2
fragment_41,U50871.1,100.000,41,0,0,1,41,84638,84598,2.63e-12,75.2
fragment_41,Z68746.1,100.000,41,0,0,1,41,29525,29485,2.63e-12,75.2
fragment_41,M68841.1,97.561,41,1,0,1,41,850,810,3.20e-11,72.5
fragment_40,AC003998.1,100.000,40,0,0,1,40,83668,83629,8.41e-12,73.4
fragment_40,AC002366.1,100.000,40,0,0,1,40,136961,136922,8.41e-12,73.4
fragment_40,AC002426.1,100.000,40,0,0,1,40,92854,92815,8.41e-12,73.4
fragment_40,D86996.1,100.000,40,0,0,1,40,6733,6694,8.41e-12,73.4
fragment_40,AC002080.1,100.000,40,0,0,1,40,132554,132593,8.41e-12,73.4
fragment_40,AC002064.1,100.000,40,0,0,1,40,152202,152241,8.41e-12,73.4
fragment_40,AC000358.1,100.000,40,0,0,1,40,6265,6304,8.41e-12,73.4
fragment_40,AC000124.1,100.000,40,0,0,1,40,41133,41172,8.41e-12,73.4
fragment_40,AC000116.1,100.000,40,0,0,1,40,73024,73063,8.41e-12,73.4
fragment_40,U63313.1,100.000,40,0,0,1,40,34584,34545,8.41e-12,73.4
fragment_40,U50871.1,100.000,40,0,0,1,40,84638,84599,8.41e-12,73.4
fragment_40,Z68746.1,100.000,40,0,0,1,40,29525,29486,8.41e-12,73.4
fragment_40,M68841.1,97.500,40,1,0,1,40,850,811,1.02e-10,70.7
fragment_39,AC003998.1,100.000,39,0,0,1,39,83668,83630,2.67e-11,71.6
fragment_39,AC002366.1,100.000,39,0,0,1,39,136961,136923,2.67e-11,71.6
fragment_39,AC002426.1,100.000,39,0,0,1,39,92854,92816,2.67e-11,71.6
fragment_39,D86996.1,100.000,39,0,0,1,39,6733,6695,2.67e-11,71.6
fragment_39,AC002080.1,100.000,39,0,0,1,39,132554,132592,2.67e-11,71.6
fragment_39,AC002064.1,100.000,39,0,0,1,39,152202,152240,2.67e-11,71.6
fragment_39,AC000358.1,100.000,39,0,0,1,39,6265,6303,2.67e-11,71.6
fragment_39,AC000124.1,100.000,39,0,0,1,39,41133,41171,2.67e-11,71.6
fragment_39,AC000116.1,100.000,39,0,0,1,39,73024,73062,2.67e-11,71.6
fragment_39,U63313.1,100.000,39,0,0,1,39,34584,34546,2.67e-11,71.6
fragment_39,U50871.1,100.000,39,0,0,1,39,84638,84600,2.67e-11,71.6
fragment_39,Z68746.1,100.000,39,0,0,1,39,29525,29487,2.67e-11,71.6
fragment_39,M68841.1,97.436,39,1,0,1,39,850,812,3.25e-10,68.9
fragment_38,AC003998.1,100.000,38,0,0,1,38,83668,83631,8.38e-11,69.8
fragment_38,AC002366.1,100.000,38,0,0,1,38,136961,136924,8.38e-11,69.8
fragment_38,AC002426.1,100.000,38,0,0,1,38,92854,92817,8.38e-11,69.8
fragment_38,D86996.1,100.000,38,0,0,1,38,6733,6696,8.38e-11,69.8
fragment_38,AC002080.1,100.000,38,0,0,1,38,132554,132591,8.38e-11,69.8
fragment_38,AC002064.1,100.000,38,0,0,1,38,152202,152239,8.38e-11,69.8
fragment_38,AC000358.1,100.000,38,0,0,1,38,6265,6302,8.38e-11,69.8
fragment_38,AC000124.1,100.000,38,0,0,1,38,41133,41170,8.38e-11,69.8
fragment_38,AC000116.1,100.000,38,0,0,1,38,73024,73061,8.38e-11,69.8
fragment_38,U63313.1,100.000,38,0,0,1,38,34584,34547,8.38e-11,69.8
fragment_38,U50871.1,100.000,38,0,0,1,38,84638,84601,8.38e-11,69.8
fragment_38,Z68746.1,100.000,38,0,0,1,38,29525,29488,8.38e-11,69.8
fragment_38,M68841.1,97.368,38,1,0,1,38,850,813,1.02e-09,67.1
fragment_37,AC000109.1,100.000,37,0,0,1,37,15411,15375,2.93e-10,68.0
fragment_37,U63313.1,100.000,37,0,0,1,37,34584,34548,2.93e-10,68.0
fragment_37,Z81001.1,100.000,37,0,0,1,37,23780,23744,2.93e-10,68.0
fragment_37,U69569.1,100.000,37,0,0,1,37,27600,27636,2.93e-10,68.0
fragment_37,U50871.1,100.000,37,0,0,1,37,84638,84602,2.93e-10,68.0
fragment_37,Z71187.1,100.000,37,0,0,1,37,11598,11634,2.93e-10,68.0
fragment_37,Z49862.1,100.000,37,0,0,1,37,3233,3269,2.93e-10,68.0
fragment_37,Z68746.1,100.000,37,0,0,1,37,29525,29489,2.93e-10,68.0
fragment_37,L10641.1,100.000,37,0,0,1,37,54511,54475,2.93e-10,68.0
fragment_37,K00629.1,100.000,37,0,0,1,37,456,420,2.93e-10,68.0
fragment_37,K02402.1,100.000,37,0,0,1,37,1141,1105,2.93e-10,68.0
fragment_37,M69297.1,100.000,37,0,0,1,37,1529,1493,2.93e-10,68.0
fragment_37,M68841.1,100.000,36,0,0,1,36,850,815,1.02e-09,66.2
fragment_36,Z71187.1,100.000,36,0,0,1,36,11598,11633,9.08e-10,66.2
fragment_36,Z49862.1,100.000,36,0,0,1,36,3233,3268,9.08e-10,66.2
fragment_36,Z69647.1,100.000,36,0,0,1,36,34545,34580,9.08e-10,66.2
fragment_36,Z68746.1,100.000,36,0,0,1,36,21817,21782,9.08e-10,66.2
fragment_36,Z68746.1,100.000,36,0,0,1,36,29525,29490,9.08e-10,66.2
fragment_36,U01317.1,100.000,36,0,0,1,36,72421,72386,9.08e-10,66.2
fragment_36,L10641.1,100.000,36,0,0,1,36,7703,7738,9.08e-10,66.2
fragment_36,L10641.1,100.000,36,0,0,1,36,54511,54476,9.08e-10,66.2
fragment_36,K00629.1,100.000,36,0,0,1,36,456,421,9.08e-10,66.2
fragment_36,M68841.1,100.000,36,0,0,1,36,850,815,9.08e-10,66.2
fragment_36,K01241.1,100.000,36,0,0,1,36,2210,2175,9.08e-10,66.2
fragment_36,K02402.1,100.000,36,0,0,1,36,1141,1106,9.08e-10,66.2
fragment_36,M69297.1,100.000,36,0,0,1,36,1529,1494,9.08e-10,66.2
fragment_35,Z71187.1,100.000,35,0,0,1,35,11598,11632,2.77e-09,64.4
fragment_35,Z49862.1,100.000,35,0,0,1,35,3233,3267,2.77e-09,64.4
fragment_35,Z69647.1,100.000,35,0,0,1,35,34545,34579,2.77e-09,64.4
fragment_35,Z68746.1,100.000,35,0,0,1,35,21817,21783,2.77e-09,64.4
fragment_35,Z68746.1,100.000,35,0,0,1,35,29525,29491,2.77e-09,64.4
fragment_35,U01317.1,100.000,35,0,0,1,35,72421,72387,2.77e-09,64.4
fragment_35,L10641.1,100.000,35,0,0,1,35,7703,7737,2.77e-09,64.4
fragment_35,L10641.1,100.000,35,0,0,1,35,54511,54477,2.77e-09,64.4
fragment_35,K00629.1,100.000,35,0,0,1,35,456,422,2.77e-09,64.4
fragment_35,M68841.1,100.000,35,0,0,1,35,850,816,2.77e-09,64.4
fragment_35,K01241.1,100.000,35,0,0,1,35,2210,2176,2.77e-09,64.4
fragment_35,K02402.1,100.000,35,0,0,1,35,1141,1107,2.77e-09,64.4
fragment_35,M69297.1,100.000,35,0,0,1,35,1529,1495,2.77e-09,64.4
fragment_34,Z71187.1,100.000,34,0,0,1,34,11598,11631,8.30e-09,62.6
fragment_34,Z49862.1,100.000,34,0,0,1,34,3233,3266,8.30e-09,62.6
fragment_34,Z69647.1,100.000,34,0,0,1,34,34545,34578,8.30e-09,62.6
fragment_34,Z68746.1,100.000,34,0,0,1,34,21817,21784,8.30e-09,62.6
fragment_34,Z68746.1,100.000,34,0,0,1,34,29525,29492,8.30e-09,62.6
fragment_34,U01317.1,100.000,34,0,0,1,34,72421,72388,8.30e-09,62.6
fragment_34,L10641.1,100.000,34,0,0,1,34,7703,7736,8.30e-09,62.6
fragment_34,L10641.1,100.000,34,0,0,1,34,54511,54478,8.30e-09,62.6
fragment_34,K00629.1,100.000,34,0,0,1,34,456,423,8.30e-09,62.6
fragment_34,M68841.1,100.000,34,0,0,1,34,850,817,8.30e-09,62.6
fragment_34,K01241.1,100.000,34,0,0,1,34,2210,2177,8.30e-09,62.6
fragment_34,K02402.1,100.000,34,0,0,1,34,1141,1108,8.30e-09,62.6
fragment_34,M69297.1,100.000,34,0,0,1,34,1529,1496,8.30e-09,62.6
fragment_33,Z49862.1,100.000,33,0,0,1,33,3233,3265,2.41e-08,60.8
fragment_33,Z69647.1,100.000,33,0,0,1,33,34545,34577,2.41e-08,60.8
fragment_33,Z68746.1,100.000,33,0,0,1,33,21817,21785,2.41e-08,60.8
fragment_33,Z68746.1,100.000,33,0,0,1,33,29525,29493,2.41e-08,60.8
fragment_33,U01317.1,100.000,33,0,0,1,33,72421,72389,2.41e-08,60.8
fragment_33,L10641.1,100.000,33,0,0,1,33,7703,7735,2.41e-08,60.8
fragment_33,L10641.1,100.000,33,0,0,1,33,54511,54479,2.41e-08,60.8
fragment_33,K00629.1,100.000,33,0,0,1,33,456,424,2.41e-08,60.8
fragment_33,L11910.1,100.000,33,0,0,1,33,79323,79355,2.41e-08,60.8
fragment_33,M68841.1,100.000,33,0,0,1,33,850,818,2.41e-08,60.8
fragment_33,K01241.1,100.000,33,0,0,1,33,2210,2178,2.41e-08,60.8
fragment_33,K02402.1,100.000,33,0,0,1,33,1141,1109,2.41e-08,60.8
fragment_33,M69297.1,100.000,33,0,0,1,33,1529,1497,2.41e-08,60.8
fragment_32,Z49862.1,100.000,32,0,0,1,32,3233,3264,6.74e-08,59.0
fragment_32,Z69647.1,100.000,32,0,0,1,32,34545,34576,6.74e-08,59.0
fragment_32,Z68746.1,100.000,32,0,0,1,32,21817,21786,6.74e-08,59.0
fragment_32,Z68746.1,100.000,32,0,0,1,32,29525,29494,6.74e-08,59.0
fragment_32,U01317.1,100.000,32,0,0,1,32,72421,72390,6.74e-08,59.0
fragment_32,L10641.1,100.000,32,0,0,1,32,7703,7734,6.74e-08,59.0
fragment_32,L10641.1,100.000,32,0,0,1,32,54511,54480,6.74e-08,59.0
fragment_32,K00629.1,100.000,32,0,0,1,32,456,425,6.74e-08,59.0
fragment_32,L11910.1,100.000,32,0,0,1,32,79323,79354,6.74e-08,59.0
fragment_32,M68841.1,100.000,32,0,0,1,32,850,819,6.74e-08,59.0
fragment_32,K01241.1,100.000,32,0,0,1,32,2210,2179,6.74e-08,59.0
fragment_32,K02402.1,100.000,32,0,0,1,32,1141,1110,6.74e-08,59.0
fragment_32,M69297.1,100.000,32,0,0,1,32,1529,1498,6.74e-08,59.0
fragment_31,Z49862.1,100.000,31,0,0,1,31,3233,3263,2.35e-07,57.2
fragment_31,Z69647.1,100.000,31,0,0,1,31,34545,34575,2.35e-07,57.2
fragment_31,Z68746.1,100.000,31,0,0,1,31,21817,21787,2.35e-07,57.2
fragment_31,Z68746.1,100.000,31,0,0,1,31,29525,29495,2.35e-07,57.2
fragment_31,U01317.1,100.000,31,0,0,1,31,72421,72391,2.35e-07,57.2
fragment_31,L10641.1,100.000,31,0,0,1,31,7703,7733,2.35e-07,57.2
fragment_31,L10641.1,100.000,31,0,0,1,31,54511,54481,2.35e-07,57.2
fragment_31,K00629.1,100.000,31,0,0,1,31,456,426,2.35e-07,57.2
fragment_31,L11910.1,100.000,31,0,0,1,31,79323,79353,2.35e-07,57.2
fragment_31,M68841.1,100.000,31,0,0,1,31,850,820,2.35e-07,57.2
fragment_31,K01241.1,100.000,31,0,0,1,31,2210,2180,2.35e-07,57.2
fragment_31,K02402.1,100.000,31,0,0,1,31,1141,1111,2.35e-07,57.2
fragment_31,M69297.1,100.000,31,0,0,1,31,1529,1499,2.35e-07,57.2
fragment_30,K00629.1,100.000,30,0,0,1,30,456,427,6.16e-07,55.4
fragment_30,L19092.1,100.000,30,0,0,1,30,5244,5215,6.16e-07,55.4
fragment_30,L19088.1,100.000,30,0,0,1,30,5244,5215,6.16e-07,55.4
fragment_30,L11910.1,100.000,30,0,0,1,30,79323,79352,6.16e-07,55.4
fragment_30,L11910.1,100.000,30,0,0,1,30,167788,167759,6.16e-07,55.4
fragment_30,D00596.1,100.000,30,0,0,1,30,6552,6581,6.16e-07,55.4
fragment_30,M68841.1,100.000,30,0,0,1,30,850,821,6.16e-07,55.4
fragment_30,K01241.1,100.000,30,0,0,1,30,2210,2181,6.16e-07,55.4
fragment_30,K02402.1,100.000,30,0,0,1,30,1141,1112,6.16e-07,55.4
fragment_30,M22334.1,100.000,30,0,0,1,30,1354,1325,6.16e-07,55.4
fragment_30,M22333.1,100.000,30,0,0,1,30,3007,2978,6.16e-07,55.4
fragment_30,M69297.1,100.000,30,0,0,1,30,1529,1500,6.16e-07,55.4
fragment_30,X01574.1,100.000,30,0,0,1,30,1296,1325,6.16e-07,55.4
fragment_29,K00629.1,100.000,29,0,0,1,29,456,428,2.15e-06,53.6
fragment_29,L19092.1,100.000,29,0,0,1,29,5244,5216,2.15e-06,53.6
fragment_29,L19088.1,100.000,29,0,0,1,29,5244,5216,2.15e-06,53.6
fragment_29,L11910.1,100.000,29,0,0,1,29,79323,79351,2.15e-06,53.6
fragment_29,L11910.1,100.000,29,0,0,1,29,167788,167760,2.15e-06,53.6
fragment_29,D00596.1,100.000,29,0,0,1,29,6552,6580,2.15e-06,53.6
fragment_29,M68841.1,100.000,29,0,0,1,29,850,822,2.15e-06,53.6
fragment_29,K01241.1,100.000,29,0,0,1,29,2210,2182,2.15e-06,53.6
fragment_29,K02402.1,100.000,29,0,0,1,29,1141,1113,2.15e-06,53.6
fragment_29,M22334.1,100.000,29,0,0,1,29,1354,1326,2.15e-06,53.6
fragment_29,M22333.1,100.000,29,0,0,1,29,3007,2979,2.15e-06,53.6
fragment_29,M69297.1,100.000,29,0,0,1,29,1529,1501,2.15e-06,53.6
fragment_29,X01574.1,100.000,29,0,0,1,29,1296,1324,2.15e-06,53.6
fragment_28,L19092.1,100.000,28,0,0,1,28,5244,5217,7.50e-06,51.8
fragment_28,L19088.1,100.000,28,0,0,1,28,5244,5217,7.50e-06,51.8
fragment_28,L11910.1,100.000,28,0,0,1,28,79323,79350,7.50e-06,51.8
fragment_28,L11910.1,100.000,28,0,0,1,28,167788,167761,7.50e-06,51.8
fragment_28,D00596.1,100.000,28,0,0,1,28,6552,6579,7.50e-06,51.8
fragment_28,M68841.1,100.000,28,0,0,1,28,850,823,7.50e-06,51.8
fragment_28,K01241.1,100.000,28,0,0,1,28,2210,2183,7.50e-06,51.8
fragment_28,K02402.1,100.000,28,0,0,1,28,1141,1114,7.50e-06,51.8
fragment_28,M22334.1,100.000,28,0,0,1,28,1354,1327,7.50e-06,51.8
fragment_28,M22333.1,100.000,28,0,0,1,28,3007,2980,7.50e-06,51.8
fragment_28,M69297.1,100.000,28,0,0,1,28,1529,1502,7.50e-06,51.8
fragment_28,M64554.1,100.000,28,0,0,1,28,22757,22784,7.50e-06,51.8
fragment_28,X01574.1,100.000,28,0,0,1,28,1296,1323,7.50e-06,51.8
fragment_27,L19092.1,100.000,27,0,0,1,27,5244,5218,2.62e-05,50.0
fragment_27,L19088.1,100.000,27,0,0,1,27,5244,5218,2.62e-05,50.0
fragment_27,L11910.1,100.000,27,0,0,1,27,79323,79349,2.62e-05,50.0
fragment_27,L11910.1,100.000,27,0,0,1,27,167788,167762,2.62e-05,50.0
fragment_27,D00596.1,100.000,27,0,0,1,27,6552,6578,2.62e-05,50.0
fragment_27,M68841.1,100.000,27,0,0,1,27,850,824,2.62e-05,50.0
fragment_27,K01241.1,100.000,27,0,0,1,27,2210,2184,2.62e-05,50.0
fragment_27,K02402.1,100.000,27,0,0,1,27,1141,1115,2.62e-05,50.0
fragment_27,M22334.1,100.000,27,0,0,1,27,1354,1328,2.62e-05,50.0
fragment_27,M22333.1,100.000,27,0,0,1,27,3007,2981,2.62e-05,50.0
fragment_27,M69297.1,100.000,27,0,0,1,27,1529,1503,2.62e-05,50.0
fragment_27,M64554.1,100.000,27,0,0,1,27,22757,22783,2.62e-05,50.0
fragment_27,X01574.1,100.000,27,0,0,1,27,1296,1322,2.62e-05,50.0
fragment_26,L19092.1,100.000,26,0,0,1,26,5244,5219,9.14e-05,48.2
fragment_26,L19088.1,100.000,26,0,0,1,26,5244,5219,9.14e-05,48.2
fragment_26,L11910.1,100.000,26,0,0,1,26,79323,79348,9.14e-05,48.2
fragment_26,L11910.1,100.000,26,0,0,1,26,167788,167763,9.14e-05,48.2
fragment_26,D00596.1,100.000,26,0,0,1,26,6552,6577,9.14e-05,48.2
fragment_26,M68841.1,100.000,26,0,0,1,26,850,825,9.14e-05,48.2
fragment_26,K01241.1,100.000,26,0,0,1,26,2210,2185,9.14e-05,48.2
fragment_26,K02402.1,100.000,26,0,0,1,26,1141,1116,9.14e-05,48.2
fragment_26,M22334.1,100.000,26,0,0,1,26,1354,1329,9.14e-05,48.2
fragment_26,M22333.1,100.000,26,0,0,1,26,3007,2982,9.14e-05,48.2
fragment_26,M69297.1,100.000,26,0,0,1,26,1529,1504,9.14e-05,48.2
fragment_26,M64554.1,100.000,26,0,0,1,26,22757,22782,9.14e-05,48.2
fragment_26,X01574.1,100.000,26,0,0,1,26,1296,1321,9.14e-05,48.2
fragment_25,L19092.1,100.000,25,0,0,1,25,5244,5220,3.19e-04,46.4
fragment_25,L19088.1,100.000,25,0,0,1,25,5244,5220,3.19e-04,46.4
fragment_25,L11910.1,100.000,25,0,0,1,25,79323,79347,3.19e-04,46.4
fragment_25,L11910.1,100.000,25,0,0,1,25,167788,167764,3.19e-04,46.4
fragment_25,D00596.1,100.000,25,0,0,1,25,6552,6576,3.19e-04,46.4
fragment_25,M68841.1,100.000,25,0,0,1,25,850,826,3.19e-04,46.4
fragment_25,K01241.1,100.000,25,0,0,1,25,2210,2186,3.19e-04,46.4
fragment_25,K02402.1,100.000,25,0,0,1,25,1141,1117,3.19e-04,46.4
fragment_25,M22334.1,100.000,25,0,0,1,25,1354,1330,3.19e-04,46.4
fragment_25,M22333.1,100.000,25,0,0,1,25,3007,2983,3.19e-04,46.4
fragment_25,M69297.1,100.000,25,0,0,1,25,1529,1505,3.19e-04,46.4
fragment_25,M64554.1,100.000,25,0,0,1,25,22757,22781,3.19e-04,46.4
fragment_25,X01574.1,100.000,25,0,0,1,25,1296,1320,3.19e-04,46.4
fragment_24,L19092.1,100.000,24,0,0,1,24,5244,5221,0.001,44.6
fragment_24,L19088.1,100.000,24,0,0,1,24,5244,5221,0.001,44.6
fragment_24,L11910.1,100.000,24,0,0,1,24,79323,79346,0.001,44.6
fragment_24,L11910.1,100.000,24,0,0,1,24,167788,167765,0.001,44.6
fragment_24,D00596.1,100.000,24,0,0,1,24,6552,6575,0.001,44.6
fragment_24,M68841.1,100.000,24,0,0,1,24,850,827,0.001,44.6
fragment_24,K01241.1,100.000,24,0,0,1,24,2210,2187,0.001,44.6
fragment_24,K02402.1,100.000,24,0,0,1,24,1141,1118,0.001,44.6
fragment_24,M22334.1,100.000,24,0,0,1,24,1354,1331,0.001,44.6
fragment_24,M22333.1,100.000,24,0,0,1,24,3007,2984,0.001,44.6
fragment_24,M69297.1,100.000,24,0,0,1,24,1529,1506,0.001,44.6
fragment_24,M64554.1,100.000,24,0,0,1,24,22757,22780,0.001,44.6
fragment_24,X01574.1,100.000,24,0,0,1,24,1296,1319,0.001,44.6
fragment_23,L19088.1,100.000,23,0,0,1,23,5244,5222,0.004,42.8
fragment_23,L11910.1,100.000,23,0,0,1,23,79323,79345,0.004,42.8
fragment_23,L11910.1,100.000,23,0,0,1,23,118543,118521,0.004,42.8
fragment_23,L11910.1,100.000,23,0,0,1,23,167788,167766,0.004,42.8
fragment_23,D00596.1,100.000,23,0,0,1,23,6552,6574,0.004,42.8
fragment_23,M68841.1,100.000,23,0,0,1,23,850,828,0.004,42.8
fragment_23,K01241.1,100.000,23,0,0,1,23,2210,2188,0.004,42.8
fragment_23,K02402.1,100.000,23,0,0,1,23,1141,1119,0.004,42.8
fragment_23,M22334.1,100.000,23,0,0,1,23,1354,1332,0.004,42.8
fragment_23,M22333.1,100.000,23,0,0,1,23,3007,2985,0.004,42.8
fragment_23,M69297.1,100.000,23,0,0,1,23,1529,1507,0.004,42.8
fragment_23,M64554.1,100.000,23,0,0,1,23,22757,22779,0.004,42.8
fragment_23,X01574.1,100.000,23,0,0,1,23,1296,1318,0.004,42.8
fragment_22,L19088.1,100.000,22,0,0,1,22,5244,5223,0.014,41.0
fragment_22,L11910.1,100.000,22,0,0,1,22,79323,79344,0.014,41.0
fragment_22,L11910.1,100.000,22,0,0,1,22,118543,118522,0.014,41.0
fragment_22,L11910.1,100.000,22,0,0,1,22,167788,167767,0.014,41.0
fragment_22,D00596.1,100.000,22,0,0,1,22,6552,6573,0.014,41.0
fragment_22,M68841.1,100.000,22,0,0,1,22,850,829,0.014,41.0
fragment_22,K01241.1,100.000,22,0,0,1,22,2210,2189,0.014,41.0
fragment_22,K02402.1,100.000,22,0,0,1,22,1141,1120,0.014,41.0
fragment_22,M22334.1,100.000,22,0,0,1,22,1354,1333,0.014,41.0
fragment_22,M22333.1,100.000,22,0,0,1,22,3007,2986,0.014,41.0
fragment_22,M69297.1,100.000,22,0,0,1,22,1529,1508,0.014,41.0
fragment_22,M64554.1,100.000,22,0,0,1,22,22757,22778,0.014,41.0
fragment_22,X01574.1,100.000,22,0,0,1,22,1296,1317,0.014,41.0
fragment_21,L11910.1,100.000,21,0,0,1,21,79323,79343,0.047,39.2
fragment_21,L11910.1,100.000,21,0,0,1,21,118543,118523,0.047,39.2
fragment_21,L11910.1,100.000,21,0,0,1,21,167788,167768,0.047,39.2
fragment_21,D00596.1,100.000,21,0,0,1,21,6552,6572,0.047,39.2
fragment_21,M68841.1,100.000,21,0,0,1,21,850,830,0.047,39.2
fragment_21,K01241.1,100.000,21,0,0,1,21,2210,2190,0.047,39.2
fragment_21,K02402.1,100.000,21,0,0,1,21,1141,1121,0.047,39.2
fragment_21,M22334.1,100.000,21,0,0,1,21,1354,1334,0.047,39.2
fragment_21,M22333.1,100.000,21,0,0,1,21,3007,2987,0.047,39.2
fragment_21,M69297.1,100.000,21,0,0,1,21,1529,1509,0.047,39.2
fragment_21,M64554.1,100.000,21,0,0,1,21,18332,18312,0.047,39.2
fragment_21,M64554.1,100.000,21,0,0,1,21,22757,22777,0.047,39.2
fragment_21,X01574.1,100.000,21,0,0,1,21,1296,1316,0.047,39.2


